Record,Date/Time,10,Tamb(K),Rh(%),Pres(mb),Tir(K),Rain,Az(deg),El(deg),TkBB(K), Ch  22.234, Ch  23.034, Ch  23.834, Ch  26.234, Ch  30.000, Ch  51.248, Ch  52.280, Ch  53.848, Ch  54.940, Ch  56.660, Ch  57.288, Ch  58.800, Ch 
Record,Date/Time,40,Tamb(K),Rh(%),Pres(mb),Tir(K),Rain
Record,Date/Time,50,Az(deg),El(deg),TkBB(K), Ch  22.000, Ch  22.234, Ch  22.500, Ch  23.000, Ch  23.034, Ch  23.500, Ch  23.834, Ch  24.000, Ch  24.500, Ch  25.000, Ch  25.500, Ch  26.000, Ch  26.234, Ch  26.500, Ch  27.000, Ch  27.500, Ch  28.000, Ch  28.500, Ch  29.000, Ch  29.500, Ch  30.000, Ch  51.248, Ch  51.760, Ch  52.280, Ch  52.804, Ch  53.336, Ch  53.848, Ch  54.400, Ch  54.940, Ch  55.500, Ch  56.020, Ch  56.660, Ch  57.288, Ch  57.964, Ch  58.800, Ch 
Record,Date/Time,80,ID,SNR,Tamb(K),Rh(%),Pres(mb),Tir(K),Rain,Az(deg),El(deg),TkBB(K), Ch  22.234, Ch  23.034, Ch  23.834, Ch  26.234, Ch  30.000, Ch  51.248, Ch  52.280, Ch  53.848, Ch  54.940, Ch  56.660, Ch  57.288, Ch  58.800, Ch 
     1,07/18/18 00:05:17,51,  0.00, 90.00,317.294,, 68.682, 65.791,, 63.759,, 56.859,,, 45.597,,, 37.031,,,, 31.514,,,, 28.362,126.819,144.418,168.868,199.943,235.930,267.010,286.023,293.252,295.436,296.368,297.020,298.388,298.553,298.819,
     2,07/18/18 00:05:19,41, 304.2480,  74.6700,1012.4500, 255.4800,0
     3,07/18/18 00:05:57,51,  0.00, 90.00,317.336,, 68.431, 65.491,, 63.402,, 55.548,,, 44.846,,, 36.855,,,, 30.639,,,, 27.718,126.814,144.556,168.173,200.345,236.554,266.640,286.359,293.182,295.654,296.739,297.143,297.153,298.830,297.892,
     4,07/18/18 00:05:59,41, 304.4590,  73.1300,1012.4500, 255.4500,0
     5,07/18/18 00:06:36,51,  0.00, 90.00,317.379,, 68.414, 64.870,, 62.807,, 55.527,,, 44.878,,, 36.223,,,, 30.860,,,, 27.837,126.877,144.070,167.884,199.919,236.278,266.993,286.229,293.613,296.195,296.722,297.268,298.137,298.787,298.594,
     6,07/18/18 00:06:38,41, 304.3180,  72.9500,1012.5500, 256.3300,0
     7,07/18/18 00:07:16,51,  0.00, 90.00,317.374,, 68.428, 65.580,, 63.198,, 55.473,,, 44.561,,, 36.846,,,, 30.238,,,, 28.012,126.857,144.608,168.370,199.929,236.116,266.338,286.477,293.614,295.764,296.626,297.243,297.791,298.982,298.280,
     8,07/18/18 00:07:17,41, 304.4310,  73.1500,1012.4500, 255.6000,0
     9,07/18/18 00:07:55,51,  0.00, 90.00,317.395,, 68.005, 65.651,, 62.838,, 55.238,,, 44.907,,, 36.406,,,, 30.864,,,, 27.838,126.892,143.852,168.001,199.554,235.960,266.888,285.841,293.242,295.568,295.938,297.933,297.568,298.241,298.122,
    10,07/18/18 00:07:57,41, 304.4310,  71.4600,1012.5500, 255.0600,0
    11,07/18/18 00:10:13,51,  0.00, 90.00,317.501,, 69.096, 65.745,, 63.194,, 55.892,,, 44.456,,, 36.896,,,, 31.145,,,, 27.717,126.514,144.061,168.503,199.925,236.716,266.608,285.705,293.262,295.668,296.528,296.718,297.465,298.683,297.715,
    12,07/18/18 00:10:15,41, 304.3880,  72.8600,1012.4500, 256.0500,0
    13,07/18/18 00:10:54,51,  0.00, 90.00,317.532,, 68.343, 65.320,, 63.051,, 55.411,,, 44.869,,, 36.289,,,, 30.785,,,, 27.789,127.314,144.132,167.998,200.096,236.172,266.689,285.758,292.959,295.597,296.407,296.898,297.426,298.408,297.909,
    14,07/18/18 00:10:55,41, 304.2750,  72.0900,1012.5500, 255.6000,0
    15,07/18/18 00:11:33,51,  0.00, 90.00,317.547,, 68.804, 65.903,, 62.946,, 54.914,,, 45.086,,, 36.068,,,, 30.983,,,, 28.334,126.865,144.186,168.010,199.793,236.461,266.856,286.265,293.517,295.473,296.880,297.096,297.629,298.539,297.957,
    16,07/18/18 00:11:34,41, 304.2750,  71.6000,1012.5500, 255.4700,0
    17,07/18/18 00:12:12,51,  0.00, 90.00,317.584,, 68.557, 65.563,, 63.207,, 55.499,,, 44.212,,, 36.251,,,, 30.714,,,, 27.619,126.957,144.713,167.814,199.782,236.316,266.922,286.212,293.639,295.982,296.654,297.607,298.068,297.996,298.188,
    18,07/18/18 00:12:13,41, 304.4000,  72.7200,1012.4500, 255.5700,0
    19,07/18/18 00:12:51,51,  0.00, 90.00,317.597,, 68.598, 65.854,, 63.394,, 55.720,,, 44.946,,, 36.376,,,, 30.657,,,, 28.368,126.865,143.585,168.359,200.690,236.585,266.878,285.518,293.114,295.690,297.183,297.532,297.296,298.480,297.963,
    20,07/18/18 00:12:52,41, 304.4310,  71.9300,1012.5500, 255.5800,0
    21,07/18/18 00:15:08,51,  0.00, 90.00,317.690,, 68.078, 65.071,, 63.106,, 54.877,,, 44.462,,, 36.439,,,, 31.009,,,, 27.243,126.966,143.908,168.464,200.327,236.418,267.228,286.501,293.286,295.828,296.882,297.161,297.733,298.286,298.195,
    22,07/18/18 00:15:10,41, 304.5990,  71.6600,1012.4500, 255.5200,0
    23,07/18/18 00:15:48,51,  0.00, 90.00,317.726,, 68.112, 65.427,, 63.144,, 55.402,,, 44.225,,, 36.483,,,, 30.716,,,, 27.103,126.291,143.866,168.273,200.058,235.990,266.623,285.883,293.122,295.314,296.986,297.859,296.990,298.536,298.184,
    24,07/18/18 00:15:50,41, 304.5990,  72.2500,1012.5500, 255.4100,0
    25,07/18/18 00:16:27,51,  0.00, 90.00,317.770,, 68.216, 65.225,, 63.097,, 54.912,,, 45.048,,, 36.394,,,, 31.217,,,, 27.358,126.900,144.284,168.720,200.449,236.742,266.500,286.131,293.645,295.583,296.996,296.807,297.492,298.355,298.845,
    26,07/18/18 00:16:29,41, 304.6700,  69.5900,1012.5500, 255.7400,0
    27,07/18/18 00:17:07,51,  0.00, 90.00,317.768,, 68.556, 65.873,, 63.226,, 55.446,,, 44.669,,, 36.599,,,, 30.663,,,, 27.742,126.729,143.752,168.410,200.286,236.682,266.748,286.097,292.886,295.848,296.702,297.599,297.532,298.186,297.861,
    28,07/18/18 00:17:08,41, 304.8920,  69.5600,1012.4500, 256.0000,0
    29,07/18/18 00:17:46,51,  0.00, 90.00,317.805,, 68.377, 66.184,, 63.048,, 55.754,,, 44.378,,, 36.710,,,, 30.953,,,, 28.176,127.102,144.146,168.455,200.029,236.450,266.489,286.363,293.523,295.466,296.266,297.872,297.782,297.738,297.853,
    30,07/18/18 00:17:47,41, 305.1460,  67.7700,1012.5500, 256.5100,0
    31,07/18/18 00:20:03,51,  0.00, 90.00,317.914,, 69.099, 65.816,, 63.290,, 55.878,,, 45.248,,, 36.920,,,, 30.318,,,, 27.583,127.216,144.252,168.142,200.003,236.505,266.766,286.520,293.342,295.955,296.905,296.816,297.587,299.004,298.367,
    32,07/18/18 00:20:05,41, 305.9590,  65.4900,1012.5500, 256.0600,0
    33,07/18/18 00:20:42,51,  0.00, 90.00,317.935,, 68.887, 65.938,, 62.695,, 55.612,,, 44.514,,, 37.110,,,, 30.763,,,, 27.917,127.138,144.099,168.274,199.960,237.239,266.524,285.892,293.832,295.583,296.750,297.371,297.657,298.685,298.171,
    34,07/18/18 00:20:45,41, 306.0680,  65.3200,1012.4500, 255.8200,0
    35,07/18/18 00:21:22,51,  0.00, 90.00,317.956,, 68.903, 65.545,, 63.367,, 55.530,,, 44.852,,, 36.944,,,, 30.379,,,, 28.125,127.103,143.433,168.389,200.411,236.053,267.224,286.413,293.127,295.795,296.994,297.008,297.655,298.164,298.372,
    36,07/18/18 00:21:24,41, 306.1810,  65.1600,1012.5500, 256.7500,0
    37,07/18/18 00:22:02,51,  0.00, 90.00,317.981,, 68.829, 65.801,, 63.747,, 55.905,,, 44.680,,, 37.076,,,, 31.036,,,, 27.638,126.486,143.725,168.381,200.109,236.536,267.233,286.149,293.185,295.576,296.315,297.748,297.594,298.668,297.946,
    38,07/18/18 00:22:04,41, 306.1380,  64.6500,1012.5500, 256.3500,0
    39,07/18/18 00:22:42,51,  0.00, 90.00,318.010,, 68.909, 65.875,, 63.836,, 55.553,,, 44.269,,, 36.633,,,, 31.205,,,, 27.960,126.218,144.467,168.222,200.223,236.026,266.251,286.492,293.125,295.774,296.280,296.949,297.639,298.122,298.079,
    40,07/18/18 00:22:43,41, 306.3060,  66.3900,1012.5500, 256.5800,0
    41,07/18/18 00:24:59,51,  0.00, 90.00,318.124,, 69.029, 66.684,, 63.694,, 56.479,,, 44.678,,, 36.778,,,, 30.443,,,, 28.065,126.810,144.325,168.553,200.012,236.510,266.941,286.817,293.109,295.399,296.272,297.428,297.649,299.193,297.674,
    42,07/18/18 00:25:01,41, 306.5060,  63.8300,1012.4500, 255.8700,0
    43,07/18/18 00:25:38,51,  0.00, 90.00,318.149,, 69.188, 66.321,, 64.065,, 55.628,,, 45.139,,, 36.470,,,, 30.999,,,, 27.501,127.072,144.448,168.437,200.244,237.162,266.788,286.086,293.229,295.725,296.375,297.178,297.667,298.916,298.347,
    44,07/18/18 00:25:40,41, 306.5760,  63.7900,1012.5500, 256.3700,0
    45,07/18/18 00:26:17,51,  0.00, 90.00,318.178,, 68.952, 65.791,, 63.916,, 55.809,,, 45.235,,, 36.320,,,, 31.014,,,, 28.128,126.720,144.153,168.286,200.082,236.056,266.439,285.860,293.556,295.684,296.650,297.309,297.637,298.517,298.180,
    46,07/18/18 00:26:19,41, 306.6150,  63.4100,1012.5500, 256.9300,0
    47,07/18/18 00:26:56,51,  0.00, 90.00,318.217,, 68.875, 66.193,, 63.770,, 55.886,,, 45.191,,, 37.070,,,, 31.268,,,, 28.022,126.874,144.142,168.494,199.854,236.535,266.328,285.778,293.170,295.029,296.771,297.338,297.786,298.818,298.508,
    48,07/18/18 00:26:58,41, 306.5760,  64.0200,1012.5500, 256.2800,0
    49,07/18/18 00:27:36,51,  0.00, 90.00,318.246,, 68.715, 65.623,, 63.411,, 55.629,,, 44.651,,, 37.119,,,, 30.477,,,, 27.976,126.786,144.126,168.393,199.806,236.523,266.688,286.661,293.385,295.541,296.598,297.173,297.577,298.241,298.006,
    50,07/18/18 00:27:37,41, 306.4630,  65.3100,1012.5500, 255.8400,0
    51,07/18/18 00:29:54,51,  0.00, 90.00,318.336,, 69.222, 65.613,, 63.461,, 55.481,,, 44.376,,, 37.124,,,, 31.544,,,, 27.838,126.365,143.727,168.161,200.029,236.930,267.325,286.087,293.680,296.301,296.830,297.352,298.065,298.664,297.901,
    52,07/18/18 00:29:56,41, 306.7130,  62.5800,1012.5500, 256.3800,0
    53,07/18/18 00:30:34,51,  0.00, 90.00,318.360,, 69.021, 65.625,, 63.446,, 55.067,,, 44.564,,, 36.449,,,, 30.522,,,, 27.772,126.953,144.256,168.184,200.056,236.001,266.385,286.191,293.096,296.251,296.362,297.335,297.393,298.340,298.185,
    54,07/18/18 00:30:36,41, 306.9240,  63.5300,1012.5500, 256.1800,0
    55,07/18/18 00:31:14,51,  0.00, 90.00,318.393,, 69.411, 66.210,, 63.318,, 55.398,,, 44.334,,, 36.642,,,, 31.165,,,, 27.995,126.954,144.448,168.551,200.357,236.065,266.945,286.169,293.464,295.887,296.308,297.749,297.695,298.883,298.266,
    56,07/18/18 00:31:15,41, 307.0520,  62.9400,1012.4500, 255.8300,0
    57,07/18/18 00:31:52,51,  0.00, 90.00,318.414,, 69.268, 65.774,, 63.055,, 55.972,,, 44.466,,, 36.258,,,, 30.485,,,, 27.193,127.023,144.205,168.419,200.199,236.444,267.159,286.631,293.545,296.400,296.961,297.102,297.642,297.931,298.375,
    58,07/18/18 00:31:54,41, 307.0210,  61.5800,1012.5500, 256.1600,0
    59,07/18/18 00:32:31,51,  0.00, 90.00,318.447,, 68.758, 66.313,, 63.802,, 55.814,,, 44.480,,, 36.897,,,, 30.835,,,, 27.633,126.768,143.941,168.155,200.275,235.998,266.534,286.338,293.400,295.591,296.679,297.258,297.885,298.517,298.395,
    60,07/18/18 00:32:33,41, 307.0210,  64.1300,1012.4500, 256.6600,0
    61,07/18/18 00:34:49,51,  0.00, 90.00,318.547,, 69.166, 66.894,, 64.123,, 56.859,,, 44.920,,, 36.695,,,, 31.043,,,, 27.610,127.275,144.508,168.839,200.121,237.030,266.841,286.262,293.398,295.744,296.661,297.552,297.494,298.898,297.838,
    62,07/18/18 00:34:51,41, 307.3570,  62.2600,1012.5500, 257.1000,0
    63,07/18/18 00:35:29,51,  0.00, 90.00,318.578,, 69.549, 66.256,, 64.300,, 56.100,,, 44.858,,, 37.076,,,, 31.758,,,, 27.747,127.547,144.828,169.073,200.625,236.365,266.975,286.600,293.280,296.309,296.838,297.606,297.688,298.432,298.578,
    64,07/18/18 00:35:30,41, 307.1500,  62.7700,1012.5500, 256.1300,0
    65,07/18/18 00:36:08,51,  0.00, 90.00,318.596,, 68.559, 66.188,, 64.168,, 55.918,,, 45.469,,, 36.812,,,, 30.764,,,, 28.191,127.443,144.487,168.472,200.452,236.404,266.952,286.024,293.879,295.981,297.314,297.144,298.644,298.875,298.931,
    66,07/18/18 00:36:10,41, 307.0800,  65.0000,1012.5500, 256.5200,0
    67,07/18/18 00:36:47,51,  0.00, 90.00,318.625,, 69.429, 66.582,, 63.981,, 55.707,,, 44.829,,, 36.509,,,, 30.927,,,, 28.080,126.784,144.253,168.781,200.061,237.084,266.771,285.995,293.810,295.979,297.615,297.820,298.625,298.961,298.890,
    68,07/18/18 00:36:49,41, 307.1500,  62.8800,1012.5500, 256.5300,0
    69,07/18/18 00:37:26,51,  0.00, 90.00,318.659,, 68.661, 65.341,, 63.851,, 55.582,,, 45.013,,, 37.061,,,, 30.830,,,, 27.535,126.979,144.141,168.594,199.859,236.067,266.668,286.389,292.673,296.380,297.192,298.030,297.964,298.285,298.440,
    70,07/18/18 00:37:28,41, 307.0210,  63.0200,1012.4500, 255.6300,0
    71,07/18/18 00:39:44,51,  0.00, 90.00,318.752,, 68.942, 66.478,, 63.244,, 55.994,,, 44.757,,, 36.605,,,, 30.955,,,, 27.551,127.020,144.151,168.482,200.389,236.092,266.540,286.215,293.594,295.630,296.643,297.310,298.103,299.295,298.768,
    72,07/18/18 00:39:46,41, 306.9940,  62.9100,1012.5500, 256.1500,0
    73,07/18/18 00:40:23,51,  0.00, 90.00,318.786,, 69.196, 66.048,, 63.715,, 55.447,,, 45.130,,, 36.821,,,, 30.943,,,, 27.854,127.032,144.124,168.352,200.017,237.014,266.951,286.279,293.064,295.861,296.887,297.315,297.442,298.524,298.234,
    74,07/18/18 00:40:25,41, 306.9670,  64.7300,1012.5500, 255.8500,0
    75,07/18/18 00:41:04,51,  0.00, 90.00,318.816,, 69.065, 65.793,, 63.524,, 55.574,,, 44.952,,, 37.043,,,, 30.995,,,, 27.513,126.493,143.929,168.511,199.913,235.791,266.954,286.439,294.055,296.350,297.344,297.483,298.040,298.217,298.514,
    76,07/18/18 00:41:06,41, 307.0210,  63.7700,1012.5500, 256.3500,0
    77,07/18/18 00:41:44,51,  0.00, 90.00,318.858,, 68.892, 65.677,, 63.523,, 55.851,,, 43.963,,, 36.685,,,, 30.044,,,, 27.454,126.718,144.502,168.655,200.557,236.936,267.275,285.711,293.899,295.578,296.659,297.873,297.780,299.620,298.054,
    78,07/18/18 00:41:45,41, 307.0520,  62.1500,1012.5500, 256.1400,0
    79,07/18/18 00:42:23,51,  0.00, 90.00,318.882,, 68.941, 66.084,, 63.998,, 55.421,,, 44.037,,, 36.735,,,, 30.311,,,, 27.107,126.739,143.762,167.905,199.945,236.635,266.937,286.094,293.466,295.825,296.576,297.219,297.999,298.418,298.238,
    80,07/18/18 00:42:24,41, 307.0640,  63.8800,1012.5500, 256.1500,0
    81,07/18/18 00:44:40,51,  0.00, 90.00,318.983,, 68.739, 65.972,, 63.919,, 56.106,,, 44.044,,, 36.990,,,, 31.144,,,, 27.380,127.421,144.543,168.586,200.323,237.042,266.514,286.148,293.841,296.249,297.340,297.898,298.169,299.161,298.785,
    82,07/18/18 00:44:42,41, 307.1230,  61.8400,1012.6500, 255.7700,0
    83,07/18/18 00:45:20,51,  0.00, 90.00,319.020,, 68.973, 65.901,, 63.252,, 55.845,,, 44.738,,, 36.962,,,, 30.273,,,, 27.748,126.970,144.087,168.546,199.963,236.144,266.738,286.004,293.290,296.321,296.961,297.351,297.432,298.532,298.374,
    84,07/18/18 00:45:21,41, 307.0920,  60.5400,1012.5500, 256.0500,0
    85,07/18/18 00:45:59,51,  0.00, 90.00,319.056,, 68.879, 66.092,, 63.745,, 55.432,,, 44.999,,, 37.093,,,, 31.128,,,, 27.509,126.915,143.730,167.896,199.699,236.609,267.339,285.537,293.712,295.634,296.419,297.344,298.238,298.792,298.765,
    86,07/18/18 00:46:01,41, 307.0920,  60.3100,1012.5500, 256.2700,0
    87,07/18/18 00:46:38,51,  0.00, 90.00,319.101,, 68.629, 65.747,, 63.280,, 55.493,,, 44.905,,, 36.692,,,, 31.142,,,, 27.914,126.925,144.242,168.556,200.391,236.076,266.771,285.796,293.506,295.606,296.446,297.240,298.224,298.010,298.584,
    88,07/18/18 00:46:40,41, 307.1230,  61.0700,1012.5500, 256.0000,0
    89,07/18/18 00:47:18,51,  0.00, 90.00,319.118,, 68.635, 65.935,, 63.579,, 55.116,,, 44.355,,, 36.168,,,, 30.797,,,, 27.687,127.432,143.719,168.535,200.094,236.465,266.652,286.450,293.784,296.051,297.063,297.312,298.743,298.987,297.938,
    90,07/18/18 00:47:20,41, 307.1770,  63.1700,1012.5500, 256.0700,0
    91,07/18/18 00:49:36,51,  0.00, 90.00,319.249,, 68.944, 65.718,, 63.410,, 55.126,,, 44.253,,, 36.820,,,, 30.511,,,, 27.770,127.101,144.333,168.574,200.057,236.331,266.732,286.038,293.914,295.576,296.441,297.767,297.729,298.465,298.864,
    92,07/18/18 00:49:38,41, 307.0100,  60.8700,1012.5500, 255.8200,0
    93,07/18/18 00:50:16,51,  0.00, 90.00,319.287,, 68.849, 65.885,, 63.588,, 56.042,,, 44.600,,, 36.791,,,, 31.285,,,, 27.345,126.523,144.264,168.700,200.382,236.146,266.968,286.197,294.004,295.958,297.310,297.990,297.841,298.225,298.726,
    94,07/18/18 00:50:17,41, 307.1500,  63.9800,1012.5500, 256.1100,0
    95,07/18/18 00:51:07,51,  0.00, 90.00,319.315,, 69.197, 66.118,, 63.454,, 55.710,,, 44.970,,, 36.721,,,, 30.805,,,, 27.604,126.904,144.222,168.007,200.471,236.351,267.178,286.216,293.371,295.974,297.153,297.991,298.337,298.057,298.663,
    96,07/18/18 00:51:09,41, 307.3020,  62.0300,1012.5500, 255.9800,0
    97,07/18/18 00:51:47,51,  0.00, 90.00,319.362,, 68.741, 66.578,, 63.496,, 55.588,,, 43.959,,, 37.071,,,, 30.989,,,, 27.523,126.764,144.441,168.207,200.159,236.551,266.646,286.563,293.764,295.650,297.072,297.227,298.116,298.627,298.654,
    98,07/18/18 00:51:49,41, 307.3570,  59.5200,1012.5500, 255.9500,0
    99,07/18/18 00:52:26,51,  0.00, 90.00,319.393,, 68.778, 65.865,, 63.437,, 55.768,,, 45.080,,, 36.953,,,, 30.105,,,, 27.651,126.284,144.422,168.211,200.428,236.290,266.219,286.453,293.725,295.335,297.229,297.435,298.300,298.999,298.525,
   100,07/18/18 00:52:28,41, 307.4270,  59.1700,1012.5500, 256.3300,0
   101,07/18/18 00:54:44,51,  0.00, 90.00,319.531,, 69.673, 66.589,, 64.212,, 56.229,,, 45.322,,, 37.070,,,, 31.177,,,, 28.198,127.037,144.012,168.281,200.095,237.540,267.415,286.555,293.610,296.342,296.970,297.673,299.056,298.837,299.119,
   102,07/18/18 00:54:45,41, 307.6660,  59.2400,1012.5500, 257.0500,0
   103,07/18/18 00:55:23,51,  0.00, 90.00,319.579,, 69.594, 66.674,, 64.330,, 55.890,,, 45.124,,, 36.792,,,, 30.989,,,, 27.822,127.193,144.356,168.372,200.922,236.239,267.339,286.215,293.769,295.835,296.731,297.593,298.681,299.020,298.204,
   104,07/18/18 00:55:24,41, 307.5840,  59.4600,1012.5500, 256.9600,0
   105,07/18/18 00:56:02,51,  0.00, 90.00,319.608,, 70.113, 67.605,, 64.576,, 57.066,,, 45.600,,, 37.552,,,, 31.838,,,, 28.614,128.099,144.694,168.814,200.554,237.003,266.407,286.767,293.758,296.189,296.861,297.320,297.524,298.295,298.002,
   106,07/18/18 00:56:04,41, 307.4980,  59.4700,1012.5500, 257.6200,0
   107,07/18/18 00:56:41,51,  0.00, 90.00,319.635,, 69.666, 67.420,, 65.389,, 56.624,,, 45.752,,, 37.604,,,, 31.488,,,, 28.491,127.469,144.994,168.813,200.530,236.377,266.668,286.303,293.701,296.235,297.242,297.809,298.590,299.839,298.857,
   108,07/18/18 00:56:43,41, 307.5840,  60.9500,1012.5500, 257.5700,0
   109,07/18/18 00:57:20,51,  0.00, 90.00,319.680,, 70.026, 66.892,, 63.832,, 56.224,,, 45.863,,, 37.709,,,, 31.702,,,, 27.939,127.566,144.355,168.978,200.237,237.019,266.707,285.862,293.040,295.781,296.771,297.403,298.328,298.184,298.444,
   110,07/18/18 00:57:23,41, 307.6380,  62.0600,1012.6500, 257.5400,0
   111,07/18/18 00:59:39,51,  0.00, 90.00,319.814,, 70.597, 68.402,, 65.759,, 57.423,,, 46.191,,, 38.424,,,, 32.473,,,, 28.354,128.152,145.017,168.904,200.634,236.909,266.921,286.264,293.708,296.652,297.662,297.487,298.653,298.533,298.559,
   112,07/18/18 00:59:41,41, 307.5840,  60.2600,1012.6500, 257.9800,0
   113,07/18/18 01:00:19,51,  0.00, 90.00,319.863,, 71.044, 67.889,, 66.187,, 57.508,,, 46.086,,, 38.018,,,, 31.400,,,, 28.985,127.593,145.121,169.017,201.469,236.595,266.578,286.398,293.575,296.188,296.843,297.245,297.827,299.430,298.274,
   114,07/18/18 01:00:21,41, 307.6270,  61.5900,1012.5500, 258.7500,0
   115,07/18/18 01:01:03,51,  0.00, 90.00,319.908,, 70.546, 68.244,, 65.628,, 57.412,,, 46.610,,, 38.417,,,, 32.034,,,, 28.934,127.897,145.336,170.038,200.571,236.592,267.606,286.169,293.426,295.301,297.361,297.581,298.538,299.484,298.781,
   116,07/18/18 01:01:04,41, 307.6110,  60.4300,1012.6500, 258.7800,0
   117,07/18/18 01:01:42,51,  0.00, 90.00,319.935,, 71.219, 68.195,, 65.765,, 57.506,,, 46.226,,, 38.165,,,, 32.333,,,, 28.953,127.304,144.932,169.428,201.054,236.727,267.180,286.731,293.254,296.307,297.096,297.989,298.844,298.586,299.233,
   118,07/18/18 01:01:43,41, 307.6810,  61.0800,1012.7500, 258.4300,0
   119,07/18/18 01:02:21,51,  0.00, 90.00,319.987,, 70.610, 68.158,, 65.882,, 57.555,,, 45.947,,, 37.828,,,, 31.818,,,, 28.434,128.324,144.891,168.845,200.983,236.843,267.162,286.736,293.562,295.421,296.898,297.603,297.906,299.790,298.153,
   120,07/18/18 01:02:23,41, 307.7360,  60.4300,1012.6500, 259.0600,0
   121,07/18/18 01:04:39,51,  0.00, 90.00,320.125,, 70.955, 68.162,, 65.932,, 57.583,,, 46.381,,, 38.395,,,, 32.059,,,, 28.829,127.846,145.667,169.160,201.117,236.547,266.668,286.129,294.134,295.861,296.564,297.452,298.376,299.990,299.500,
   122,07/18/18 01:04:42,41, 307.5950,  61.1600,1012.6500, 258.4200,0
   123,07/18/18 01:05:20,51,  0.00, 90.00,320.174,, 70.564, 68.261,, 66.008,, 58.141,,, 46.003,,, 38.449,,,, 32.078,,,, 28.530,127.397,145.331,168.811,200.737,236.357,267.048,286.716,293.880,296.405,297.110,297.660,298.561,299.445,298.699,
   124,07/18/18 01:05:21,41, 307.6110,  60.4100,1012.6500, 258.2200,0
   125,07/18/18 01:05:59,51,  0.00, 90.00,320.215,, 70.214, 67.476,, 64.650,, 56.397,,, 45.380,,, 37.480,,,, 31.431,,,, 28.406,127.375,144.430,169.124,200.457,237.292,266.758,286.631,293.468,295.909,297.320,297.543,298.300,298.631,298.695,
   126,07/18/18 01:06:00,41, 307.5290,  61.9500,1012.6500, 257.7600,0
   127,07/18/18 01:06:38,51,  0.00, 90.00,320.248,, 70.431, 67.574,, 65.426,, 57.000,,, 46.330,,, 37.594,,,, 31.859,,,, 28.781,127.802,144.895,169.204,200.230,236.828,267.225,286.807,293.792,296.365,296.954,297.604,298.057,299.290,298.856,
   128,07/18/18 01:06:40,41, 307.4860,  61.2800,1012.6500, 257.7700,0
   129,07/18/18 01:07:18,51,  0.00, 90.00,320.292,, 70.995, 67.586,, 65.190,, 57.476,,, 45.975,,, 37.639,,,, 32.526,,,, 28.028,127.532,145.014,169.265,200.135,236.805,266.430,286.405,293.749,296.363,296.930,297.836,297.743,298.430,298.320,
   130,07/18/18 01:07:19,41, 307.6110,  63.8800,1012.6500, 257.7700,0
   131,07/18/18 01:09:35,51,  0.00, 90.00,320.408,, 69.963, 67.482,, 65.692,, 57.425,,, 45.475,,, 37.614,,,, 32.096,,,, 27.810,127.000,144.322,168.712,200.507,237.073,266.686,286.118,293.011,296.391,296.912,297.268,298.324,299.387,298.885,
   132,07/18/18 01:09:37,41, 307.5560,  62.5200,1012.6500, 257.5900,0
   133,07/18/18 01:10:14,51,  0.00, 90.00,320.452,, 70.360, 67.290,, 65.075,, 56.920,,, 45.519,,, 37.895,,,, 31.528,,,, 28.602,126.965,144.708,168.899,199.761,236.784,267.184,286.296,293.863,296.615,297.243,297.782,298.346,299.276,298.989,
   134,07/18/18 01:10:16,41, 307.6380,  63.3400,1012.6500, 257.0600,0
   135,07/18/18 01:10:57,51,  0.00, 90.00,320.472,, 69.952, 66.970,, 64.375,, 57.001,,, 46.067,,, 37.189,,,, 30.898,,,, 27.504,128.031,144.230,169.066,200.479,237.237,266.786,287.141,293.749,296.497,297.070,297.610,298.452,299.704,298.863,
   136,07/18/18 01:10:58,41, 307.5950,  65.0600,1012.7500, 257.0300,0
   137,07/18/18 01:11:36,51,  0.00, 90.00,320.513,, 69.616, 67.180,, 63.950,, 56.610,,, 45.405,,, 37.369,,,, 31.706,,,, 28.152,127.276,144.552,168.687,199.881,236.136,267.049,286.395,293.653,296.434,297.565,297.890,298.589,299.288,299.247,
   138,07/18/18 01:11:38,41, 307.3730,  63.6200,1012.6500, 256.9100,0
   139,07/18/18 01:12:15,51,  0.00, 90.00,320.543,, 69.413, 67.378,, 64.246,, 56.252,,, 45.432,,, 37.454,,,, 31.268,,,, 28.379,126.945,144.224,169.238,200.128,237.056,266.511,286.565,293.718,296.306,297.232,297.733,299.099,299.760,298.436,
   140,07/18/18 01:12:17,41, 307.4000,  63.8300,1012.6500, 256.4500,0
   141,07/18/18 01:14:34,51,  0.00, 90.00,320.638,, 70.099, 67.257,, 64.576,, 57.124,,, 45.145,,, 37.716,,,, 31.697,,,, 28.081,126.835,144.815,169.080,201.081,236.223,267.418,287.022,294.002,296.471,296.791,298.110,297.993,298.872,299.277,
   142,07/18/18 01:14:35,41, 307.0920,  65.1400,1012.6500, 256.5300,0
   143,07/18/18 01:15:13,51,  0.00, 90.00,320.665,, 69.477, 66.866,, 64.869,, 56.264,,, 44.874,,, 37.593,,,, 30.837,,,, 28.420,127.091,144.580,168.695,200.620,237.230,267.417,286.613,293.773,295.896,296.860,298.065,298.777,299.347,299.121,
   144,07/18/18 01:15:14,41, 307.0100,  64.5300,1012.6500, 256.8400,0
   145,07/18/18 01:15:52,51,  0.00, 90.00,320.685,, 69.859, 67.873,, 64.463,, 56.335,,, 45.366,,, 36.989,,,, 31.962,,,, 28.236,127.563,144.771,168.482,201.021,236.942,267.168,287.125,294.616,295.944,297.484,297.728,298.894,299.164,298.786,
   146,07/18/18 01:15:53,41, 307.1500,  65.6900,1012.6500, 257.6600,0
   147,07/18/18 01:16:31,51,  0.00, 90.00,320.701,, 69.648, 67.860,, 65.153,, 57.168,,, 46.092,,, 37.463,,,, 31.278,,,, 28.660,128.039,144.690,169.040,201.318,236.473,266.843,286.817,294.513,296.678,298.039,298.027,298.727,298.716,299.767,
   148,07/18/18 01:16:33,41, 307.1500,  64.2900,1012.6500, 257.3200,0
   149,07/18/18 01:17:10,51,  0.00, 90.00,320.721,, 70.342, 67.908,, 65.271,, 56.536,,, 45.554,,, 37.932,,,, 31.812,,,, 28.400,127.510,144.495,168.793,200.748,236.287,267.443,286.945,294.080,296.560,297.503,297.711,298.516,298.827,298.924,
   150,07/18/18 01:17:12,41, 307.2050,  64.7900,1012.6500, 257.1000,0
   151,07/18/18 01:19:28,51,  0.00, 90.00,320.796,, 69.494, 67.022,, 65.131,, 56.363,,, 44.739,,, 37.208,,,, 31.598,,,, 28.269,127.326,144.684,168.664,199.666,236.546,267.228,286.683,293.493,295.842,297.654,297.732,297.914,299.135,299.020,
   152,07/18/18 01:19:30,41, 307.1500,  63.8800,1012.5500, 256.6300,0
   153,07/18/18 01:20:08,51,  0.00, 90.00,320.822,, 69.991, 66.621,, 64.540,, 55.836,,, 45.006,,, 37.215,,,, 31.188,,,, 28.150,127.179,143.775,168.608,200.665,236.359,267.137,286.721,293.693,296.015,297.509,297.907,298.277,299.448,298.884,
   154,07/18/18 01:20:10,41, 307.2870,  66.0200,1012.6500, 256.5800,0
   155,07/18/18 01:20:51,51,  0.00, 90.00,320.851,, 69.884, 66.617,, 64.407,, 56.572,,, 45.446,,, 37.548,,,, 31.355,,,, 27.454,127.475,144.802,168.759,200.454,236.459,267.150,286.646,293.548,296.168,297.133,297.851,298.784,299.476,299.063,
   156,07/18/18 01:20:53,41, 307.3450,  65.2400,1012.6500, 256.9100,0
   157,07/18/18 01:21:30,51,  0.00, 90.00,320.884,, 69.173, 67.302,, 64.157,, 56.153,,, 45.191,,, 37.428,,,, 31.562,,,, 27.885,126.746,144.429,168.365,199.972,237.022,266.906,286.558,294.800,296.673,297.678,297.534,298.131,299.841,298.774,
   158,07/18/18 01:21:32,41, 307.3570,  64.5900,1012.6500, 256.1200,0
   159,07/18/18 01:22:09,51,  0.00, 90.00,320.883,, 69.505, 66.910,, 64.393,, 56.563,,, 45.530,,, 37.128,,,, 31.440,,,, 27.228,127.262,144.456,168.523,199.780,236.448,267.427,286.185,294.135,296.725,297.218,298.440,298.042,298.994,298.857,
   160,07/18/18 01:22:11,41, 307.1890,  63.5000,1012.6500, 256.3800,0
   161,07/18/18 01:24:27,51,  0.00, 90.00,320.970,, 69.234, 66.499,, 63.872,, 56.192,,, 44.988,,, 36.778,,,, 30.876,,,, 27.699,126.647,143.825,168.384,200.506,236.639,266.845,286.294,293.731,296.453,297.453,297.839,298.908,299.482,298.945,
   162,07/18/18 01:24:29,41, 306.9670,  64.5900,1012.5500, 255.2800,0
   163,07/18/18 01:25:07,51,  0.00, 90.00,320.976,, 68.569, 66.342,, 63.762,, 56.292,,, 44.710,,, 36.932,,,, 30.478,,,, 27.079,127.197,143.779,168.179,199.671,236.246,266.926,286.469,294.399,296.185,297.225,298.122,298.619,300.046,299.651,
   164,07/18/18 01:25:08,41, 306.8100,  64.4100,1012.5500, 255.4900,0
   165,07/18/18 01:25:46,51,  0.00, 90.00,320.990,, 68.772, 65.890,, 63.355,, 55.979,,, 44.046,,, 36.085,,,, 30.327,,,, 27.759,126.839,143.986,168.086,200.219,236.082,267.135,286.996,294.328,296.093,297.189,297.858,298.654,299.588,299.021,
   166,07/18/18 01:25:47,41, 306.7710,  67.1900,1012.6500, 255.5900,0
   167,07/18/18 01:26:25,51,  0.00, 90.00,320.978,, 68.688, 65.828,, 63.863,, 55.938,,, 44.533,,, 36.228,,,, 30.872,,,, 26.919,126.790,143.929,168.342,200.089,236.484,267.060,286.549,294.245,296.732,297.731,298.212,298.334,299.368,299.104,
   168,07/18/18 01:26:27,41, 306.6030,  65.3300,1012.5500, 255.2800,0
   169,07/18/18 01:27:04,51,  0.00, 90.00,321.019,, 68.716, 66.350,, 63.869,, 55.382,,, 44.594,,, 36.407,,,, 30.611,,,, 27.503,126.442,144.295,168.875,199.887,236.800,266.765,287.095,293.999,296.664,297.685,298.131,297.754,299.405,298.967,
   170,07/18/18 01:27:06,41, 306.5760,  65.7500,1012.5500, 255.7100,0
   171,07/18/18 01:29:22,51,  0.00, 90.00,321.035,, 69.505, 66.574,, 64.033,, 55.863,,, 44.887,,, 36.958,,,, 30.683,,,, 28.004,126.397,143.862,168.695,200.283,236.240,267.467,286.416,294.297,296.708,297.586,297.925,298.289,299.647,299.415,
   172,07/18/18 01:29:24,41, 306.0410,  68.1000,1012.4500, 254.8300,0
   173,07/18/18 01:30:01,51,  0.00, 90.00,321.045,, 69.063, 66.383,, 63.825,, 55.679,,, 44.718,,, 37.170,,,, 30.670,,,, 27.310,126.766,144.140,168.226,200.288,236.793,267.352,286.661,294.037,296.985,297.625,298.053,298.122,299.503,298.870,
   174,07/18/18 01:30:03,41, 305.9430,  69.0500,1012.5500, 254.8900,0
   175,07/18/18 01:30:41,51,  0.00, 90.00,321.051,, 68.941, 66.321,, 64.400,, 55.610,,, 44.459,,, 36.685,,,, 30.319,,,, 27.009,126.383,144.535,167.896,200.752,236.546,267.288,286.713,294.055,296.608,297.451,298.378,299.279,300.474,299.184,
   176,07/18/18 01:30:43,41, 305.7600,  69.4000,1012.4500, 254.6600,0
   177,07/18/18 01:31:20,51,  0.00, 90.00,321.051,, 69.239, 65.982,, 63.595,, 55.766,,, 44.221,,, 36.933,,,, 30.387,,,, 27.111,126.702,144.114,168.568,200.424,236.793,267.250,286.908,293.929,296.624,297.250,298.578,298.817,299.997,299.649,
   178,07/18/18 01:31:23,41, 305.6770,  69.4700,1012.3500, 254.6000,0
   179,07/18/18 01:32:01,51,  0.00, 90.00,321.051,, 69.015, 66.696,, 63.381,, 55.073,,, 45.224,,, 36.273,,,, 31.012,,,, 27.259,127.206,144.078,168.488,199.945,236.680,267.230,287.198,293.890,296.632,297.680,298.510,299.376,300.510,299.234,
   180,07/18/18 01:32:02,41, 305.5640,  68.4400,1012.5500, 254.5900,0
   181,07/18/18 01:34:18,51,  0.00, 90.00,321.060,, 69.329, 66.337,, 63.428,, 56.325,,, 44.506,,, 36.561,,,, 31.098,,,, 27.420,126.059,144.229,168.081,200.053,236.677,267.244,286.830,294.231,296.481,297.798,298.475,298.872,298.803,299.288,
   182,07/18/18 01:34:20,41, 305.5640,  71.0500,1012.6500, 254.8300,0
   183,07/18/18 01:34:57,51,  0.00, 90.00,321.050,, 70.010, 66.978,, 64.628,, 56.247,,, 44.574,,, 37.077,,,, 31.581,,,, 27.282,126.778,144.336,168.231,200.193,237.073,267.145,287.229,294.363,296.357,297.405,298.955,299.593,300.010,299.449,
   184,07/18/18 01:34:59,41, 305.4120,  69.7300,1012.5500, 255.0300,0
   185,07/18/18 01:35:37,51,  0.00, 90.00,321.049,, 69.225, 67.262,, 64.684,, 55.790,,, 45.121,,, 37.389,,,, 30.885,,,, 28.119,126.815,144.170,168.648,199.876,236.459,267.484,286.640,294.348,296.508,297.402,298.582,298.746,299.510,299.054,
   186,07/18/18 01:35:39,41, 305.3850,  68.1300,1012.5500, 255.3300,0
   187,07/18/18 01:36:16,51,  0.00, 90.00,321.040,, 70.483, 67.125,, 64.628,, 56.664,,, 45.906,,, 37.425,,,, 31.655,,,, 28.256,126.823,143.862,168.734,200.298,237.132,266.927,286.960,294.380,296.939,298.461,298.212,298.882,299.266,298.543,
   188,07/18/18 01:36:19,41, 305.6230,  69.8300,1012.5500, 255.1400,0
   189,07/18/18 01:36:57,51,  0.00, 90.00,321.022,, 70.427, 66.746,, 64.380,, 55.679,,, 46.285,,, 37.389,,,, 31.731,,,, 27.662,126.981,144.751,168.734,200.328,236.753,267.499,286.480,293.841,296.364,297.821,298.855,298.856,299.851,299.789,
   190,07/18/18 01:36:59,41, 305.7200,  69.2500,1012.5500, 255.6400,0
   191,07/18/18 01:39:15,51,  0.00, 90.00,321.026,, 69.802, 67.054,, 64.721,, 56.074,,, 45.065,,, 37.414,,,, 31.433,,,, 27.986,127.309,145.221,168.414,200.259,236.441,267.232,286.733,294.055,296.426,298.079,298.419,300.104,300.106,300.063,
   192,07/18/18 01:39:17,41, 306.0950,  68.7400,1012.4500, 255.9500,0
   193,07/18/18 01:39:55,51,  0.00, 90.00,321.017,, 69.570, 67.582,, 64.370,, 56.277,,, 44.805,,, 37.599,,,, 31.312,,,, 27.678,127.457,144.092,168.928,200.605,236.557,267.645,286.737,294.218,297.007,297.735,299.138,299.631,299.814,299.749,
   194,07/18/18 01:39:59,41, 306.2090,  68.4200,1012.5500, 255.7000,0
   195,07/18/18 01:40:44,51,  0.00, 90.00,321.029,, 69.742, 67.094,, 64.445,, 55.814,,, 45.371,,, 36.750,,,, 31.290,,,, 27.540,126.912,144.284,168.111,200.191,236.719,267.166,286.621,294.366,297.397,297.899,298.566,298.854,299.777,298.941,
   196,07/18/18 01:40:46,41, 306.4630,  69.8400,1012.5500, 255.7900,0
   197,07/18/18 01:41:24,51,  0.00, 90.00,321.018,, 69.394, 67.382,, 64.693,, 56.504,,, 44.929,,, 37.798,,,, 31.529,,,, 27.685,126.461,144.705,168.462,200.592,236.258,267.588,286.581,293.835,297.384,297.752,298.043,299.250,299.493,299.184,
   198,07/18/18 01:41:25,41, 306.4630,  67.3600,1012.4500, 256.0600,0
   199,07/18/18 01:42:03,51,  0.00, 90.00,321.003,, 69.918, 67.003,, 64.594,, 56.345,,, 45.567,,, 37.034,,,, 31.190,,,, 27.733,126.457,144.974,168.359,200.736,236.689,266.653,286.850,294.285,296.816,297.804,298.274,298.839,299.785,299.627,
   200,07/18/18 01:42:04,41, 306.5170,  66.5700,1012.5500, 256.1500,0
   201,07/18/18 01:44:20,51,  0.00, 90.00,320.987,, 70.222, 67.714,, 64.989,, 57.254,,, 46.312,,, 37.475,,,, 31.685,,,, 28.026,127.744,144.704,168.639,199.995,236.489,267.098,286.223,294.536,296.719,297.710,297.852,298.522,300.515,299.337,
   202,07/18/18 01:44:22,41, 306.4630,  66.2300,1012.4500, 256.4700,0
   203,07/18/18 01:45:00,51,  0.00, 90.00,320.995,, 70.090, 67.316,, 64.754,, 56.710,,, 45.664,,, 37.377,,,, 31.225,,,, 28.150,127.350,144.223,168.704,200.285,236.296,267.215,286.811,293.638,296.919,297.825,298.304,299.158,299.611,299.278,
   204,07/18/18 01:45:01,41, 306.5330,  67.0900,1012.5500, 255.9400,0
   205,07/18/18 01:45:39,51,  0.00, 90.00,320.987,, 70.046, 67.306,, 64.962,, 56.739,,, 45.209,,, 37.427,,,, 31.406,,,, 27.789,126.744,144.630,168.539,200.760,236.506,267.346,286.787,294.027,296.557,296.642,297.894,298.679,299.427,299.568,
   206,07/18/18 01:45:41,41, 306.5600,  66.0600,1012.4500, 256.4900,0
   207,07/18/18 01:46:19,51,  0.00, 90.00,320.969,, 70.461, 67.354,, 65.187,, 56.853,,, 45.559,,, 37.617,,,, 31.215,,,, 28.613,127.154,144.593,168.740,199.982,237.150,266.963,286.824,294.657,296.900,297.879,297.611,298.367,300.122,299.868,
   208,07/18/18 01:46:20,41, 306.6740,  67.1300,1012.4500, 256.6600,0
   209,07/18/18 01:46:58,51,  0.00, 90.00,320.966,, 70.295, 67.470,, 65.126,, 57.044,,, 46.340,,, 37.393,,,, 31.552,,,, 28.051,127.315,144.400,168.870,200.854,237.126,267.113,286.237,293.534,296.394,298.228,298.235,298.846,299.467,299.566,
   210,07/18/18 01:47:00,41, 306.7010,  67.9000,1012.5500, 256.3800,0
   211,07/18/18 01:49:17,51,  0.00, 90.00,320.967,, 69.942, 67.415,, 65.409,, 56.718,,, 45.233,,, 37.343,,,, 31.326,,,, 28.081,127.213,144.635,168.956,200.430,236.857,266.837,286.698,294.694,296.389,298.149,298.346,298.433,300.467,299.793,
   212,07/18/18 01:49:19,41, 306.6310,  66.0400,1012.5500, 256.3900,0
   213,07/18/18 01:49:56,51,  0.00, 90.00,320.963,, 70.228, 67.051,, 65.195,, 56.988,,, 44.912,,, 37.179,,,, 31.542,,,, 28.048,127.579,144.390,168.554,200.743,237.079,266.801,286.805,294.239,296.426,297.889,298.707,298.919,299.656,299.444,
   214,07/18/18 01:49:58,41, 306.6150,  64.0600,1012.5500, 256.6100,0
   215,07/18/18 01:50:36,51,  0.00, 90.00,320.956,, 70.020, 67.808,, 64.609,, 57.055,,, 45.217,,, 36.731,,,, 31.225,,,, 28.002,126.563,144.673,168.135,200.525,236.340,267.627,286.760,293.989,295.821,298.157,298.873,298.511,299.598,299.085,
   216,07/18/18 01:50:38,41, 306.5600,  64.4000,1012.5500, 256.0700,0
   217,07/18/18 01:51:16,51,  0.00, 90.00,320.941,, 70.003, 67.644,, 64.876,, 57.065,,, 45.288,,, 37.261,,,, 31.380,,,, 28.013,127.607,145.008,168.540,200.075,237.009,267.665,287.034,294.004,296.595,297.780,298.613,298.820,299.992,299.883,
   218,07/18/18 01:51:17,41, 306.6310,  65.8100,1012.5500, 256.5900,0
   219,07/18/18 01:51:55,51,  0.00, 90.00,320.918,, 70.253, 68.161,, 65.038,, 57.091,,, 45.838,,, 37.598,,,, 31.343,,,, 28.645,127.418,144.725,168.939,200.849,236.808,266.840,286.927,293.993,296.252,297.594,298.613,298.775,299.832,299.322,
   220,07/18/18 01:51:56,41, 306.6030,  64.6500,1012.5500, 256.9500,0
   221,07/18/18 01:54:12,51,  0.00, 90.00,320.921,, 70.266, 67.581,, 65.031,, 56.889,,, 46.372,,, 38.335,,,, 32.131,,,, 28.272,127.876,145.670,168.774,200.679,236.718,267.094,287.479,294.995,296.854,297.901,298.533,299.218,300.120,299.787,
   222,07/18/18 01:54:14,41, 306.8100,  65.3100,1012.5500, 256.8700,0
   223,07/18/18 01:54:52,51,  0.00, 90.00,320.898,, 70.193, 67.915,, 65.280,, 56.865,,, 45.446,,, 37.652,,,, 31.331,,,, 28.297,127.978,144.894,168.623,200.489,237.077,267.452,286.167,293.837,296.167,297.597,298.776,298.681,299.979,299.734,
   224,07/18/18 01:54:53,41, 306.9940,  66.7300,1012.5500, 256.5000,0
   225,07/18/18 01:55:31,51,  0.00, 90.00,320.916,, 69.798, 67.728,, 64.474,, 56.453,,, 45.104,,, 37.646,,,, 31.749,,,, 28.295,127.110,144.424,168.554,200.685,236.875,267.482,286.910,293.983,296.971,298.186,298.442,299.538,299.642,300.153,
   226,07/18/18 01:55:32,41, 306.9940,  66.8400,1012.5500, 256.8200,0
   227,07/18/18 01:56:10,51,  0.00, 90.00,320.910,, 70.418, 67.687,, 65.062,, 56.954,,, 45.814,,, 38.094,,,, 31.697,,,, 28.102,127.513,144.652,168.430,200.522,236.724,267.407,286.363,294.554,296.030,298.173,298.470,298.577,299.741,299.421,
   228,07/18/18 01:56:12,41, 306.8960,  65.6700,1012.5500, 257.0800,0
   229,07/18/18 01:56:50,51,  0.00, 90.00,320.911,, 70.006, 67.536,, 64.829,, 57.058,,, 45.301,,, 37.425,,,, 31.435,,,, 27.680,127.753,145.074,168.498,201.153,237.184,267.437,286.318,294.053,296.648,296.846,298.461,298.496,299.315,299.849,
   230,07/18/18 01:56:51,41, 306.8100,  66.2000,1012.4500, 257.1400,0
