Record,DateTime,300,Int.Vaporcm,Int.Liquidmm,CloudBasekm
    19,07/09/18 00:05:19,301,  5.704,  0.613,  1.000,
    25,07/09/18 00:05:58,301,  5.712,  0.659,  0.800,
    31,07/09/18 00:06:37,301,  5.693,  0.636,  0.500,
    37,07/09/18 00:07:16,301,  5.616,  0.707,  0.450,
    43,07/09/18 00:07:55,301,  5.667,  0.662,  0.400,
    49,07/09/18 00:10:12,301,  5.637,  0.602,  0.800,
    55,07/09/18 00:10:52,301,  5.611,  0.625,  0.500,
    61,07/09/18 00:11:32,301,  5.646,  0.582,  0.400,
    67,07/09/18 00:12:11,301,  5.620,  0.590,  0.450,
    73,07/09/18 00:12:50,301,  5.611,  0.611,  0.500,
    79,07/09/18 00:15:08,301,  5.672,  0.633,  0.400,
    85,07/09/18 00:15:47,301,  5.672,  0.648,  0.800,
    91,07/09/18 00:16:26,301,  5.609,  0.684,  0.400,
    97,07/09/18 00:17:06,301,  5.620,  0.651,  0.500,
   103,07/09/18 00:17:45,301,  5.631,  0.625,  0.450,
   109,07/09/18 00:20:04,301,  5.632,  0.590,  0.450,
   115,07/09/18 00:20:43,301,  5.636,  0.599,  0.500,
   121,07/09/18 00:21:25,301,  5.635,  0.540,  0.450,
   127,07/09/18 00:22:04,301,  5.603,  0.593,  0.450,
   133,07/09/18 00:22:43,301,  5.612,  0.592,  0.900,
   139,07/09/18 00:25:00,301,  5.616,  0.508,  0.450,
   145,07/09/18 00:25:39,301,  5.598,  0.557,  0.900,
   151,07/09/18 00:26:19,301,  5.616,  0.532,  0.600,
   157,07/09/18 00:26:58,301,  5.632,  0.526,  0.500,
   163,07/09/18 00:27:37,301,  5.604,  0.548,  0.500,
   169,07/09/18 00:29:54,301,  5.641,  0.608,  0.500,
   175,07/09/18 00:30:33,301,  5.534,  0.586,  0.500,
   181,07/09/18 00:31:13,301,  5.579,  0.599,  0.400,
   187,07/09/18 00:31:52,301,  5.573,  0.636,  0.450,
   193,07/09/18 00:32:31,301,  5.577,  0.652,  0.450,
   199,07/09/18 00:34:48,301,  5.627,  0.642,  0.400,
   205,07/09/18 00:35:27,301,  5.614,  0.737,  0.450,
   211,07/09/18 00:36:06,301,  5.580,  0.756,  0.600,
   217,07/09/18 00:36:45,301,  5.613,  0.650,  0.450,
   223,07/09/18 00:37:24,301,  5.586,  0.709,  0.450,
   229,07/09/18 00:39:42,301,  5.677,  0.854,  0.450,
   235,07/09/18 00:40:24,301,  5.677,  0.811,  0.500,
   241,07/09/18 00:41:04,301,  5.634,  0.793,  0.450,
   247,07/09/18 00:41:43,301,  5.662,  0.777,  0.500,
   253,07/09/18 00:42:22,301,  5.654,  0.745,  0.600,
   259,07/09/18 00:44:39,301,  5.646,  0.926,  0.500,
   265,07/09/18 00:45:21,301,  5.667,  0.921,  0.400,
   271,07/09/18 00:46:01,301,  5.622,  0.971,  0.500,
   277,07/09/18 00:46:41,301,  5.607,  0.984,  0.400,
   283,07/09/18 00:47:20,301,  5.663,  0.885,  0.500,
   289,07/09/18 00:49:37,301,  5.722,  0.788,  0.900,
   295,07/09/18 00:50:17,301,  5.665,  0.779,  0.600,
   301,07/09/18 00:50:56,301,  5.661,  0.781,  0.500,
   307,07/09/18 00:51:35,301,  5.678,  0.692,  0.450,
   313,07/09/18 00:52:14,301,  5.678,  0.613,  0.450,
   319,07/09/18 00:54:32,301,  5.677,  0.608,  0.800,
   325,07/09/18 00:55:11,301,  5.630,  0.630,  0.800,
   331,07/09/18 00:55:50,301,  5.701,  0.556,  0.500,
   337,07/09/18 00:56:30,301,  5.667,  0.564,  0.800,
   343,07/09/18 00:57:09,301,  5.692,  0.585,  0.800,
   349,07/09/18 00:59:27,301,  5.706,  0.600,  0.800,
   355,07/09/18 01:00:06,301,  5.657,  0.664,  0.450,
   361,07/09/18 01:00:45,301,  5.705,  0.609,  0.800,
   367,07/09/18 01:01:25,301,  5.657,  0.670,  0.600,
   373,07/09/18 01:02:04,301,  5.668,  0.671,  0.500,
   379,07/09/18 01:04:22,301,  5.731,  0.715,  0.450,
   385,07/09/18 01:05:01,301,  5.706,  0.706,  0.450,
   391,07/09/18 01:05:40,301,  5.708,  0.732,  0.800,
   397,07/09/18 01:06:20,301,  5.669,  0.805,  0.500,
   403,07/09/18 01:06:59,301,  5.692,  0.875,  0.500,
   409,07/09/18 01:09:17,301,  5.716,  0.830,  0.350,
   415,07/09/18 01:09:56,301,  5.735,  0.830,  0.800,
   421,07/09/18 01:10:36,301,  5.744,  0.818,  0.500,
   427,07/09/18 01:11:15,301,  5.782,  0.887,  0.900,
   433,07/09/18 01:11:55,301,  5.840,  0.851,  0.600,
   439,07/09/18 01:14:12,301,  5.731,  1.211,  0.450,
   445,07/09/18 01:14:52,301,  5.741,  1.198,  0.450,
   451,07/09/18 01:15:31,301,  5.746,  1.144,  0.500,
   457,07/09/18 01:16:11,301,  5.738,  1.057,  0.400,
   463,07/09/18 01:16:51,301,  5.756,  0.948,  0.450,
   469,07/09/18 01:19:08,301,  5.800,  0.977,  0.900,
   475,07/09/18 01:19:48,301,  5.692,  1.105,  0.400,
   481,07/09/18 01:20:28,301,  5.776,  1.140,  0.500,
   487,07/09/18 01:21:07,301,  5.731,  1.206,  0.600,
   493,07/09/18 01:21:47,301,  5.761,  1.190,  0.450,
   499,07/09/18 01:24:04,301,  5.801,  1.027,  0.450,
   505,07/09/18 01:24:43,301,  5.765,  0.902,  0.700,
   511,07/09/18 01:25:23,301,  5.739,  0.955,  0.450,
   517,07/09/18 01:26:02,301,  5.798,  0.968,  0.500,
   523,07/09/18 01:26:41,301,  5.716,  1.098,  0.800,
   529,07/09/18 01:28:59,301,  5.764,  0.898,  0.600,
   535,07/09/18 01:29:38,301,  5.827,  0.767,  0.800,
   541,07/09/18 01:30:17,301,  5.715,  0.840,  0.500,
   547,07/09/18 01:30:57,301,  5.750,  0.833,  0.500,
   553,07/09/18 01:31:35,301,  5.719,  0.804,  0.500,
   559,07/09/18 01:33:52,301,  5.771,  0.987,  0.250,
   565,07/09/18 01:34:31,301,  5.757,  1.005,  0.500,
   571,07/09/18 01:35:10,301,  5.764,  1.021,  0.500,
   577,07/09/18 01:35:50,301,  5.828,  0.942,  0.500,
   583,07/09/18 01:36:29,301,  5.728,  1.024,  0.450,
   589,07/09/18 01:38:46,301,  5.640,  1.066,  0.450,
   595,07/09/18 01:39:25,301,  5.754,  1.096,  0.500,
   601,07/09/18 01:40:07,301,  5.624,  1.626,  0.500,
   607,07/09/18 01:40:46,301,  5.884,  1.624,  0.450,
   613,07/09/18 01:41:25,301,  5.927,  1.474,  0.250,
   619,07/09/18 01:43:43,301,  5.822,  0.750,  1.000,
   625,07/09/18 01:44:22,301,  5.808,  0.781,  0.500,
   631,07/09/18 01:45:01,301,  5.832,  0.792,  0.800,
   637,07/09/18 01:45:40,301,  5.663,  1.131,  0.400,
   643,07/09/18 01:46:19,301,  5.797,  1.035,  0.450,
   649,07/09/18 01:48:37,301,  6.174,  1.238,  0.900,
   655,07/09/18 01:49:16,301,  6.528,  1.268,  1.000,
   661,07/09/18 01:49:55,301,  6.853,  1.472,  1.100,
   667,07/09/18 01:50:35,301,  7.119,  1.595,  1.100,
   673,07/09/18 01:51:14,301,  7.255,  1.591,  1.100,
   679,07/09/18 01:52:14,301,  7.781,  1.797,  0.000,
   685,07/09/18 01:52:54,301,  8.267,  1.935,  1.200,
   691,07/09/18 01:53:33,301,  8.902,  2.473,  0.200,
   697,07/09/18 01:54:12,301,  9.228,  2.815,  0.200,
   703,07/09/18 01:54:51,301,  9.327,  2.986,  1.300,
   709,07/09/18 01:55:51,301,  9.605,  3.588,  0.000,
   715,07/09/18 01:56:30,301,  9.877,  3.816,  0.000,
   721,07/09/18 01:57:10,301,  9.884,  3.874,  0.000,
   727,07/09/18 01:57:49,301,  9.974,  3.926,  0.000,
   733,07/09/18 01:58:28,301,  9.905,  4.081,  0.000,
   739,07/09/18 01:59:27,301,  9.916,  3.992,  0.000,
   745,07/09/18 02:00:07,301,  9.792,  3.916,  0.000,
   751,07/09/18 02:00:46,301,  9.729,  3.790,  1.400,
   757,07/09/18 02:01:25,301,  9.630,  3.764,  1.700,
   763,07/09/18 02:02:04,301,  9.575,  3.559,  1.700,
   769,07/09/18 02:03:04,301,  9.247,  3.472,  1.700,
   775,07/09/18 02:03:43,301,  9.041,  3.522,  1.800,
   781,07/09/18 02:04:22,301,  9.040,  3.146,  1.900,
   787,07/09/18 02:05:01,301,  9.045,  2.708,  1.800,
   793,07/09/18 02:05:40,301,  9.003,  2.382,  1.800,
   799,07/09/18 02:06:40,301,  8.694,  2.166,  1.600,
   805,07/09/18 02:07:19,301,  8.530,  2.043,  1.600,
   811,07/09/18 02:07:59,301,  8.402,  1.862,  1.400,
   817,07/09/18 02:08:38,301,  8.279,  1.680,  1.500,
   823,07/09/18 02:09:17,301,  8.150,  1.436,  1.400,
   829,07/09/18 02:10:17,301,  7.917,  1.152,  1.300,
   835,07/09/18 02:10:56,301,  7.752,  1.041,  1.300,
   841,07/09/18 02:11:36,301,  7.561,  1.003,  1.200,
   847,07/09/18 02:12:14,301,  7.446,  0.888,  1.300,
   853,07/09/18 02:12:54,301,  7.293,  0.871,  1.200,
   859,07/09/18 02:13:53,301,  7.128,  0.737,  1.200,
   865,07/09/18 02:14:33,301,  6.953,  0.753,  1.000,
   871,07/09/18 02:15:12,301,  6.834,  0.736,  1.100,
   877,07/09/18 02:15:51,301,  6.760,  0.684,  1.300,
   883,07/09/18 02:16:30,301,  6.642,  0.707,  1.000,
   889,07/09/18 02:17:30,301,  6.663,  0.721,  0.450,
   895,07/09/18 02:18:09,301,  6.617,  0.760,  0.250,
   901,07/09/18 02:18:48,301,  6.560,  0.773,  0.300,
   907,07/09/18 02:19:27,301,  6.674,  0.825,  0.350,
   913,07/09/18 02:20:06,301,  6.694,  0.835,  0.800,
   919,07/09/18 02:21:07,301,  6.701,  0.952,  0.150,
   925,07/09/18 02:21:46,301,  6.649,  1.040,  0.900,
   931,07/09/18 02:22:25,301,  6.679,  1.102,  0.300,
   937,07/09/18 02:23:05,301,  6.814,  1.116,  0.300,
   943,07/09/18 02:23:44,301,  6.879,  1.226,  1.000,
   949,07/09/18 02:24:43,301,  6.974,  1.240,  0.900,
   955,07/09/18 02:25:22,301,  7.169,  1.308,  1.000,
   961,07/09/18 02:26:02,301,  7.441,  1.391,  1.100,
   967,07/09/18 02:26:42,301,  7.541,  1.291,  1.100,
   973,07/09/18 02:27:21,301,  7.537,  1.360,  0.100,
   979,07/09/18 02:28:20,301,  7.389,  1.320,  0.100,
   985,07/09/18 02:28:59,301,  7.264,  1.282,  1.100,
   991,07/09/18 02:29:39,301,  7.112,  1.224,  1.100,
   997,07/09/18 02:30:19,301,  6.879,  1.246,  1.000,
  1003,07/09/18 02:30:58,301,  6.735,  1.233,  1.100,
  1009,07/09/18 02:31:58,301,  6.454,  1.180,  1.000,
  1015,07/09/18 02:32:37,301,  6.420,  1.025,  0.900,
  1021,07/09/18 02:33:17,301,  6.297,  1.027,  1.100,
  1027,07/09/18 02:33:56,301,  6.086,  1.097,  0.900,
  1033,07/09/18 02:34:36,301,  5.973,  1.084,  0.450,
  1039,07/09/18 02:36:54,301,  5.823,  0.979,  0.800,
  1045,07/09/18 02:37:33,301,  5.735,  1.044,  0.700,
  1051,07/09/18 02:38:12,301,  5.711,  1.026,  0.350,
  1057,07/09/18 02:38:52,301,  5.698,  1.030,  0.800,
  1063,07/09/18 02:39:31,301,  5.693,  1.005,  0.500,
  1069,07/09/18 02:41:48,301,  5.694,  0.954,  0.800,
  1075,07/09/18 02:42:28,301,  5.763,  0.885,  0.800,
  1081,07/09/18 02:43:07,301,  5.746,  0.896,  0.450,
  1087,07/09/18 02:43:47,301,  5.673,  0.941,  0.500,
  1093,07/09/18 02:44:27,301,  5.677,  0.857,  0.400,
  1099,07/09/18 02:46:44,301,  5.675,  0.942,  0.450,
  1105,07/09/18 02:47:23,301,  5.591,  1.047,  0.450,
  1111,07/09/18 02:48:03,301,  5.404,  1.391,  0.800,
  1117,07/09/18 02:48:42,301,  5.611,  1.152,  0.450,
  1123,07/09/18 02:49:21,301,  5.674,  0.999,  0.500,
  1129,07/09/18 02:51:39,301,  5.643,  0.832,  0.800,
  1135,07/09/18 02:52:18,301,  5.624,  0.782,  0.400,
  1141,07/09/18 02:52:57,301,  5.609,  0.886,  0.300,
  1147,07/09/18 02:53:36,301,  5.538,  1.074,  0.600,
  1153,07/09/18 02:54:15,301,  5.698,  0.954,  0.350,
  1159,07/09/18 02:56:33,301,  5.697,  0.905,  0.500,
  1165,07/09/18 02:57:11,301,  5.686,  0.862,  0.800,
  1171,07/09/18 02:57:51,301,  5.648,  0.894,  0.450,
  1177,07/09/18 02:58:30,301,  5.617,  1.090,  0.500,
  1183,07/09/18 02:59:08,301,  5.578,  1.228,  0.350,
  1189,07/09/18 03:01:26,301,  5.628,  1.575,  0.350,
  1195,07/09/18 03:02:05,301,  5.642,  1.663,  0.500,
  1201,07/09/18 03:02:44,301,  5.662,  1.822,  0.450,
  1207,07/09/18 03:03:24,301,  5.504,  2.209,  0.400,
  1213,07/09/18 03:04:04,301,  5.741,  1.998,  0.400,
  1219,07/09/18 03:06:22,301,  5.716,  1.473,  0.350,
  1225,07/09/18 03:07:01,301,  5.821,  1.585,  0.500,
  1231,07/09/18 03:07:40,301,  5.820,  1.675,  0.400,
  1237,07/09/18 03:08:19,301,  5.844,  1.747,  0.450,
  1243,07/09/18 03:08:58,301,  5.879,  1.677,  0.450,
  1249,07/09/18 03:11:15,301,  5.896,  1.321,  0.400,
  1255,07/09/18 03:11:54,301,  5.992,  1.041,  0.350,
  1261,07/09/18 03:12:33,301,  5.911,  1.255,  0.450,
  1267,07/09/18 03:13:12,301,  5.936,  1.398,  0.400,
  1273,07/09/18 03:13:51,301,  6.061,  1.104,  0.800,
  1279,07/09/18 03:16:09,301,  6.055,  1.148,  0.400,
  1285,07/09/18 03:16:49,301,  5.841,  1.275,  0.350,
  1291,07/09/18 03:17:28,301,  5.964,  1.069,  1.000,
  1297,07/09/18 03:18:07,301,  5.981,  0.994,  0.350,
  1303,07/09/18 03:18:47,301,  5.958,  0.946,  0.350,
  1309,07/09/18 03:21:04,301,  5.905,  0.928,  0.400,
  1315,07/09/18 03:21:43,301,  5.888,  0.918,  0.450,
  1321,07/09/18 03:22:22,301,  5.898,  0.961,  0.800,
  1327,07/09/18 03:23:01,301,  5.880,  0.983,  0.350,
  1333,07/09/18 03:23:41,301,  5.921,  0.984,  0.500,
  1339,07/09/18 03:25:58,301,  5.985,  1.743,  0.450,
  1345,07/09/18 03:26:37,301,  5.771,  2.307,  0.250,
  1351,07/09/18 03:27:17,301,  5.799,  2.605,  0.300,
  1357,07/09/18 03:27:56,301,  6.049,  2.133,  0.500,
  1363,07/09/18 03:28:35,301,  5.642,  2.517,  0.350,
  1369,07/09/18 03:30:53,301,  5.315,  3.625,  0.250,
  1375,07/09/18 03:31:32,301,  5.536,  3.420,  0.300,
  1381,07/09/18 03:32:11,301,  5.401,  3.923,  0.250,
  1387,07/09/18 03:32:51,301,  5.366,  4.602,  0.300,
  1393,07/09/18 03:33:30,301,  5.401,  4.856,  0.200,
  1399,07/09/18 03:34:29,301,  6.425,  6.263,  0.350,
  1405,07/09/18 03:35:08,301,  7.483,  7.957,  0.000,
  1411,07/09/18 03:35:47,301,  8.514,  8.264,  0.000,
  1417,07/09/18 03:36:26,301,  8.833,  8.268,  0.000,
  1423,07/09/18 03:37:05,301,  8.881,  8.384,  0.000,
  1429,07/09/18 03:38:05,301,  8.355,  7.583,  0.350,
  1435,07/09/18 03:38:44,301,  8.387,  6.497,  1.200,
  1441,07/09/18 03:39:24,301,  8.371,  5.679,  1.200,
  1447,07/09/18 03:40:06,301,  7.995,  5.679,  1.200,
  1453,07/09/18 03:40:45,301,  7.701,  5.587,  1.200,
  1459,07/09/18 03:41:45,301,  7.720,  4.706,  1.200,
  1465,07/09/18 03:42:25,301,  7.608,  4.429,  1.200,
  1471,07/09/18 03:43:03,301,  7.593,  4.072,  1.200,
  1477,07/09/18 03:43:44,301,  7.241,  4.196,  1.200,
  1483,07/09/18 03:44:23,301,  7.115,  4.163,  1.100,
  1489,07/09/18 03:45:22,301,  6.072,  5.912,  0.450,
  1495,07/09/18 03:46:11,301,  6.677,  4.250,  0.800,
  1501,07/09/18 03:46:57,301,  7.015,  3.146,  1.100,
  1507,07/09/18 03:47:37,301,  6.763,  3.106,  1.100,
  1513,07/09/18 03:48:17,301,  6.664,  3.517,  0.500,
  1519,07/09/18 03:49:19,301,  7.435,  3.727,  1.200,
  1525,07/09/18 03:49:59,301,  7.966,  3.703,  0.000,
  1531,07/09/18 03:50:40,301,  8.183,  3.593,  1.200,
  1537,07/09/18 03:51:20,301,  8.275,  3.719,  0.000,
  1543,07/09/18 03:52:07,301,  8.583,  3.684,  0.000,
  1549,07/09/18 03:53:30,301,  8.992,  4.546,  0.000,
  1555,07/09/18 03:54:10,301,  9.189,  4.397,  0.000,
  1561,07/09/18 03:54:49,301,  9.199,  4.418,  0.000,
  1567,07/09/18 03:55:30,301,  9.288,  4.440,  0.000,
  1573,07/09/18 03:56:09,301,  9.134,  4.704,  0.000,
  1579,07/09/18 03:57:09,301,  8.433,  5.822,  1.200,
  1585,07/09/18 03:57:48,301,  7.950,  6.582,  1.100,
  1591,07/09/18 03:58:27,301,  8.225,  5.745,  1.200,
  1597,07/09/18 03:59:07,301,  8.383,  5.480,  1.200,
  1603,07/09/18 03:59:47,301,  8.094,  5.897,  1.200,
  1609,07/09/18 04:01:02,301,  8.107,  5.802,  1.200,
  1615,07/09/18 04:01:54,301,  8.418,  4.828,  1.200,
  1621,07/09/18 04:02:45,301,  8.787,  4.832,  1.200,
  1627,07/09/18 04:03:36,301,  9.512,  6.253,  0.000,
  1633,07/09/18 04:04:22,301,  9.600,  6.084,  0.000,
  1639,07/09/18 04:05:22,301,  9.334,  6.536,  0.000,
  1645,07/09/18 04:06:01,301,  9.465,  5.856,  0.000,
  1651,07/09/18 04:06:40,301,  9.429,  5.435,  0.000,
  1657,07/09/18 04:07:19,301,  9.648,  5.369,  0.000,
  1663,07/09/18 04:07:58,301,  9.516,  5.168,  1.200,
  1669,07/09/18 04:08:58,301,  9.205,  4.476,  0.000,
  1675,07/09/18 04:09:37,301,  8.864,  4.237,  1.200,
  1681,07/09/18 04:10:17,301,  8.693,  4.014,  1.200,
  1687,07/09/18 04:10:58,301,  8.521,  4.246,  0.000,
  1693,07/09/18 04:11:36,301,  8.771,  4.191,  0.000,
  1699,07/09/18 04:12:36,301,  8.752,  3.823,  1.200,
  1705,07/09/18 04:13:15,301,  8.716,  3.585,  0.000,
  1711,07/09/18 04:13:54,301,  8.738,  3.056,  0.100,
  1717,07/09/18 04:14:34,301,  8.589,  2.713,  1.200,
  1723,07/09/18 04:15:13,301,  8.904,  2.702,  0.200,
  1729,07/09/18 04:16:12,301,  9.288,  2.880,  0.200,
  1735,07/09/18 04:16:51,301,  9.278,  2.660,  1.300,
  1741,07/09/18 04:17:31,301,  9.007,  2.339,  1.300,
  1747,07/09/18 04:18:10,301,  8.684,  2.039,  1.300,
  1753,07/09/18 04:18:49,301,  8.393,  1.895,  1.300,
  1759,07/09/18 04:19:48,301,  8.195,  1.734,  1.300,
  1765,07/09/18 04:20:27,301,  8.050,  1.726,  1.300,
  1771,07/09/18 04:21:07,301,  7.918,  1.751,  1.200,
  1777,07/09/18 04:21:46,301,  7.825,  1.771,  1.200,
  1783,07/09/18 04:22:26,301,  7.999,  1.759,  1.300,
  1789,07/09/18 04:23:26,301,  8.212,  1.863,  1.200,
  1795,07/09/18 04:24:05,301,  8.274,  1.805,  0.050,
  1801,07/09/18 04:24:44,301,  8.157,  1.958,  0.350,
  1807,07/09/18 04:25:24,301,  7.799,  2.644,  0.100,
  1813,07/09/18 04:26:03,301,  7.887,  3.539,  0.100,
  1819,07/09/18 04:27:03,301,  8.200,  4.478,  0.000,
  1825,07/09/18 04:27:43,301,  8.622,  4.560,  0.000,
  1831,07/09/18 04:28:22,301,  8.779,  4.213,  1.200,
  1837,07/09/18 04:29:01,301,  8.779,  3.796,  1.200,
  1843,07/09/18 04:29:49,301,  8.622,  3.322,  1.300,
  1849,07/09/18 04:30:50,301,  8.490,  2.350,  1.300,
  1855,07/09/18 04:31:29,301,  8.402,  2.009,  1.300,
  1861,07/09/18 04:32:08,301,  8.188,  1.902,  1.200,
  1867,07/09/18 04:32:48,301,  8.064,  1.818,  1.300,
  1873,07/09/18 04:33:28,301,  8.006,  1.671,  1.200,
  1879,07/09/18 04:34:27,301,  7.770,  1.598,  1.200,
  1885,07/09/18 04:35:07,301,  7.602,  1.515,  1.200,
  1891,07/09/18 04:35:46,301,  7.395,  1.485,  1.200,
  1897,07/09/18 04:36:25,301,  7.150,  1.493,  1.100,
  1903,07/09/18 04:37:04,301,  6.949,  1.425,  1.100,
  1909,07/09/18 04:38:03,301,  6.755,  1.218,  1.000,
  1915,07/09/18 04:38:42,301,  6.640,  1.127,  1.100,
  1921,07/09/18 04:39:22,301,  6.461,  1.126,  0.900,
  1927,07/09/18 04:40:04,301,  6.394,  1.117,  0.900,
  1933,07/09/18 04:40:44,301,  6.110,  1.392,  0.400,
  1939,07/09/18 04:41:44,301,  6.174,  1.104,  0.600,
  1945,07/09/18 04:42:23,301,  6.190,  0.863,  0.900,
  1951,07/09/18 04:43:02,301,  6.063,  0.846,  0.500,
  1957,07/09/18 04:43:42,301,  6.010,  0.852,  0.450,
  1963,07/09/18 04:44:21,301,  5.924,  0.849,  0.500,
  1969,07/09/18 04:46:39,301,  5.906,  0.646,  0.450,
  1975,07/09/18 04:47:18,301,  5.827,  0.671,  0.500,
  1981,07/09/18 04:47:58,301,  5.887,  0.641,  0.500,
  1987,07/09/18 04:48:37,301,  5.847,  0.591,  0.450,
  1993,07/09/18 04:49:16,301,  5.774,  0.630,  0.350,
  1999,07/09/18 04:51:37,301,  5.832,  0.637,  0.500,
  2005,07/09/18 04:52:16,301,  5.814,  0.646,  0.450,
  2011,07/09/18 04:52:56,301,  5.786,  0.726,  0.450,
  2017,07/09/18 04:53:35,301,  5.749,  0.883,  0.350,
  2023,07/09/18 04:54:14,301,  5.845,  0.831,  0.450,
  2029,07/09/18 04:56:32,301,  5.863,  1.213,  0.400,
  2035,07/09/18 04:57:11,301,  5.858,  1.116,  0.350,
  2041,07/09/18 04:57:51,301,  5.851,  1.027,  0.300,
  2047,07/09/18 04:58:30,301,  5.850,  0.953,  0.450,
  2053,07/09/18 04:59:09,301,  5.874,  0.932,  0.450,
  2059,07/09/18 05:01:33,301,  5.835,  1.009,  0.450,
  2065,07/09/18 05:02:12,301,  5.763,  1.110,  0.400,
  2071,07/09/18 05:02:52,301,  5.801,  1.111,  0.350,
  2077,07/09/18 05:03:31,301,  5.780,  1.078,  0.350,
  2083,07/09/18 05:04:10,301,  5.789,  1.039,  0.400,
  2089,07/09/18 05:06:28,301,  5.856,  1.074,  0.500,
  2095,07/09/18 05:07:07,301,  5.808,  1.198,  0.350,
  2101,07/09/18 05:07:46,301,  5.809,  1.303,  0.400,
  2107,07/09/18 05:08:25,301,  5.814,  1.294,  0.350,
  2113,07/09/18 05:09:04,301,  5.853,  1.156,  0.450,
  2119,07/09/18 05:11:22,301,  5.784,  1.028,  0.300,
  2125,07/09/18 05:12:01,301,  5.789,  1.001,  0.400,
  2131,07/09/18 05:12:41,301,  5.872,  1.008,  0.500,
  2137,07/09/18 05:13:20,301,  5.875,  1.110,  0.400,
  2143,07/09/18 05:13:59,301,  5.810,  1.085,  0.400,
  2149,07/09/18 05:16:16,301,  5.951,  0.957,  0.500,
  2155,07/09/18 05:16:55,301,  5.798,  0.929,  0.350,
  2161,07/09/18 05:17:34,301,  5.693,  1.277,  0.400,
  2167,07/09/18 05:18:13,301,  5.717,  1.391,  0.500,
  2173,07/09/18 05:18:52,301,  5.854,  1.180,  0.500,
  2179,07/09/18 05:21:10,301,  5.850,  1.000,  0.350,
  2185,07/09/18 05:21:49,301,  5.857,  0.961,  0.400,
  2191,07/09/18 05:22:28,301,  5.853,  0.877,  0.350,
  2197,07/09/18 05:23:08,301,  5.863,  0.934,  0.350,
  2203,07/09/18 05:23:47,301,  5.760,  1.175,  0.500,
  2209,07/09/18 05:26:05,301,  5.814,  1.211,  0.300,
  2215,07/09/18 05:26:43,301,  5.840,  1.245,  0.450,
  2221,07/09/18 05:27:22,301,  5.808,  1.329,  0.150,
  2227,07/09/18 05:28:02,301,  5.827,  1.396,  0.300,
  2233,07/09/18 05:28:41,301,  5.979,  1.196,  0.250,
  2239,07/09/18 05:30:59,301,  6.044,  1.274,  0.150,
  2245,07/09/18 05:31:38,301,  6.134,  1.177,  0.200,
  2251,07/09/18 05:32:17,301,  6.262,  1.204,  0.250,
  2257,07/09/18 05:32:56,301,  6.298,  1.348,  0.250,
  2263,07/09/18 05:33:36,301,  6.422,  1.450,  0.100,
  2269,07/09/18 05:34:35,301,  6.747,  1.542,  0.450,
  2275,07/09/18 05:35:14,301,  6.908,  1.610,  1.000,
  2281,07/09/18 05:35:53,301,  7.054,  1.706,  0.050,
  2287,07/09/18 05:36:32,301,  7.097,  1.894,  0.050,
  2293,07/09/18 05:37:11,301,  7.277,  1.894,  1.100,
  2299,07/09/18 05:38:11,301,  7.463,  2.040,  0.100,
  2305,07/09/18 05:38:51,301,  7.589,  2.118,  1.200,
  2311,07/09/18 05:39:30,301,  7.707,  2.227,  1.200,
  2317,07/09/18 05:40:09,301,  7.874,  2.378,  1.200,
  2323,07/09/18 05:40:49,301,  8.004,  2.493,  1.200,
  2329,07/09/18 05:41:48,301,  8.162,  2.495,  1.200,
  2335,07/09/18 05:42:27,301,  8.302,  2.443,  0.100,
  2341,07/09/18 05:43:06,301,  8.303,  2.529,  1.600,
  2347,07/09/18 05:43:46,301,  8.469,  2.423,  0.050,
  2353,07/09/18 05:44:26,301,  8.443,  2.447,  1.400,
  2359,07/09/18 05:45:25,301,  8.442,  2.482,  1.200,
  2365,07/09/18 05:46:05,301,  8.495,  2.528,  1.200,
  2371,07/09/18 05:46:44,301,  8.534,  2.586,  0.050,
  2377,07/09/18 05:47:23,301,  8.538,  2.581,  1.200,
  2383,07/09/18 05:48:02,301,  8.551,  2.551,  1.600,
  2389,07/09/18 05:49:01,301,  8.485,  2.523,  1.400,
  2395,07/09/18 05:49:41,301,  8.490,  2.521,  1.200,
  2401,07/09/18 05:50:21,301,  8.502,  2.488,  1.200,
  2407,07/09/18 05:51:00,301,  8.425,  2.533,  0.050,
  2413,07/09/18 05:51:39,301,  8.428,  2.570,  1.200,
  2419,07/09/18 05:52:39,301,  8.482,  2.400,  1.200,
  2425,07/09/18 05:53:19,301,  8.427,  2.313,  1.300,
  2431,07/09/18 05:53:57,301,  8.305,  2.323,  1.200,
  2437,07/09/18 05:54:36,301,  8.324,  2.285,  1.500,
  2443,07/09/18 05:55:15,301,  8.186,  2.306,  1.300,
  2449,07/09/18 05:56:15,301,  8.044,  2.240,  1.200,
  2455,07/09/18 05:56:54,301,  7.857,  2.307,  1.300,
  2461,07/09/18 05:57:34,301,  7.908,  2.075,  1.300,
  2467,07/09/18 05:58:13,301,  7.902,  1.925,  1.200,
  2473,07/09/18 05:58:52,301,  7.718,  1.953,  1.300,
  2479,07/09/18 05:59:58,301,  7.419,  2.308,  1.300,
  2485,07/09/18 06:00:42,301,  7.510,  1.882,  1.100,
  2491,07/09/18 06:01:21,301,  7.473,  1.707,  1.100,
  2497,07/09/18 06:02:01,301,  7.320,  1.750,  1.200,
  2503,07/09/18 06:02:40,301,  7.157,  1.856,  1.000,
  2509,07/09/18 06:03:40,301,  7.124,  1.490,  1.200,
  2515,07/09/18 06:04:19,301,  7.011,  1.373,  1.100,
  2521,07/09/18 06:04:58,301,  6.705,  1.608,  0.900,
  2527,07/09/18 06:05:38,301,  6.840,  1.369,  1.000,
  2533,07/09/18 06:06:17,301,  6.643,  1.416,  0.350,
  2539,07/09/18 06:07:17,301,  6.413,  1.949,  1.100,
  2545,07/09/18 06:07:57,301,  6.214,  2.125,  0.450,
  2551,07/09/18 06:08:36,301,  6.254,  2.173,  0.450,
  2557,07/09/18 06:09:16,301,  6.304,  2.251,  0.900,
  2563,07/09/18 06:09:55,301,  6.188,  2.083,  0.300,
  2569,07/09/18 06:12:12,301,  6.255,  1.647,  0.300,
  2575,07/09/18 06:12:52,301,  6.205,  1.526,  0.300,
  2581,07/09/18 06:13:31,301,  6.209,  1.422,  0.150,
  2587,07/09/18 06:14:10,301,  6.117,  1.343,  0.100,
  2593,07/09/18 06:14:49,301,  6.123,  1.221,  0.150,
  2599,07/09/18 06:17:07,301,  6.120,  1.320,  0.150,
  2605,07/09/18 06:17:46,301,  6.118,  1.271,  0.400,
  2611,07/09/18 06:18:26,301,  6.155,  1.359,  0.150,
  2617,07/09/18 06:19:05,301,  6.112,  1.324,  0.200,
  2623,07/09/18 06:19:44,301,  6.072,  1.364,  0.300,
  2629,07/09/18 06:20:43,301,  5.985,  1.486,  0.250,
  2635,07/09/18 06:21:22,301,  5.954,  1.711,  0.150,
  2641,07/09/18 06:22:01,301,  5.943,  1.643,  0.450,
  2647,07/09/18 06:22:40,301,  5.966,  1.496,  0.450,
  2653,07/09/18 06:23:19,301,  5.869,  1.457,  0.400,
  2659,07/09/18 06:25:37,301,  5.839,  1.539,  0.350,
  2665,07/09/18 06:26:16,301,  5.765,  1.392,  0.300,
  2671,07/09/18 06:26:55,301,  5.761,  1.391,  0.500,
  2677,07/09/18 06:27:35,301,  5.744,  1.401,  0.450,
  2683,07/09/18 06:28:14,301,  5.742,  1.534,  0.450,
  2689,07/09/18 06:30:32,301,  5.693,  1.447,  0.200,
  2695,07/09/18 06:31:11,301,  5.689,  1.351,  0.300,
  2701,07/09/18 06:31:51,301,  5.764,  1.268,  0.350,
  2707,07/09/18 06:32:30,301,  5.709,  1.343,  0.400,
  2713,07/09/18 06:33:09,301,  5.701,  1.262,  0.350,
  2719,07/09/18 06:35:26,301,  5.629,  1.111,  0.400,
  2725,07/09/18 06:36:05,301,  5.622,  1.127,  0.300,
  2731,07/09/18 06:36:45,301,  5.650,  1.093,  0.350,
  2737,07/09/18 06:37:24,301,  5.711,  0.895,  0.350,
  2743,07/09/18 06:38:03,301,  5.748,  0.811,  0.400,
  2749,07/09/18 06:40:25,301,  5.704,  0.799,  0.450,
  2755,07/09/18 06:41:04,301,  5.727,  0.873,  0.500,
  2761,07/09/18 06:41:43,301,  5.717,  0.869,  0.400,
  2767,07/09/18 06:42:22,301,  5.724,  0.951,  0.350,
  2773,07/09/18 06:43:01,301,  5.793,  0.903,  0.150,
  2779,07/09/18 06:45:19,301,  5.701,  0.913,  0.400,
  2785,07/09/18 06:45:58,301,  5.683,  1.001,  0.350,
  2791,07/09/18 06:46:37,301,  5.766,  0.910,  0.350,
  2797,07/09/18 06:47:17,301,  5.657,  1.019,  0.300,
  2803,07/09/18 06:47:56,301,  5.717,  1.010,  0.250,
  2809,07/09/18 06:50:14,301,  5.672,  1.119,  0.300,
  2815,07/09/18 06:50:54,301,  5.646,  1.259,  0.300,
  2821,07/09/18 06:51:33,301,  5.679,  1.332,  0.200,
  2827,07/09/18 06:52:12,301,  5.667,  1.285,  0.400,
  2833,07/09/18 06:52:52,301,  5.774,  1.205,  0.250,
  2839,07/09/18 06:55:10,301,  5.802,  1.245,  0.250,
  2845,07/09/18 06:55:49,301,  5.771,  1.247,  0.400,
  2851,07/09/18 06:56:29,301,  5.654,  1.317,  0.300,
  2857,07/09/18 06:57:08,301,  5.805,  1.026,  0.400,
  2863,07/09/18 06:57:47,301,  5.714,  1.019,  0.250,
  2869,07/09/18 07:00:05,301,  5.715,  0.830,  0.400,
  2875,07/09/18 07:00:45,301,  5.753,  0.749,  0.350,
  2881,07/09/18 07:01:24,301,  5.667,  0.840,  0.250,
  2887,07/09/18 07:02:03,301,  5.739,  0.882,  0.250,
  2893,07/09/18 07:02:42,301,  5.765,  0.761,  0.300,
  2899,07/09/18 07:05:00,301,  5.840,  0.836,  0.450,
  2905,07/09/18 07:05:39,301,  5.767,  0.874,  0.400,
  2911,07/09/18 07:06:18,301,  5.927,  0.853,  0.250,
  2917,07/09/18 07:06:57,301,  5.997,  1.067,  0.400,
  2923,07/09/18 07:07:36,301,  6.109,  1.154,  0.150,
  2929,07/09/18 07:08:37,301,  6.204,  1.099,  0.800,
  2935,07/09/18 07:09:16,301,  6.258,  1.124,  0.300,
  2941,07/09/18 07:09:54,301,  6.238,  1.161,  0.100,
  2947,07/09/18 07:10:34,301,  6.212,  1.287,  0.350,
  2953,07/09/18 07:11:14,301,  6.302,  1.274,  0.050,
  2959,07/09/18 07:12:14,301,  6.260,  1.102,  0.300,
  2965,07/09/18 07:12:53,301,  6.145,  1.102,  0.250,
  2971,07/09/18 07:13:32,301,  6.143,  1.014,  0.250,
  2977,07/09/18 07:14:11,301,  6.113,  1.022,  0.300,
  2983,07/09/18 07:14:50,301,  6.075,  1.008,  0.350,
  2989,07/09/18 07:15:50,301,  5.914,  1.028,  0.300,
  2995,07/09/18 07:16:28,301,  5.877,  0.896,  0.500,
  3001,07/09/18 07:17:08,301,  5.822,  0.844,  0.800,
  3007,07/09/18 07:17:48,301,  5.831,  0.789,  0.300,
  3013,07/09/18 07:18:27,301,  5.699,  0.816,  0.450,
  3019,07/09/18 07:20:45,301,  5.703,  0.659,  0.500,
  3025,07/09/18 07:21:24,301,  5.628,  0.702,  0.400,
  3031,07/09/18 07:22:03,301,  5.700,  0.613,  0.450,
  3037,07/09/18 07:22:42,301,  5.683,  0.594,  0.350,
  3043,07/09/18 07:23:21,301,  5.677,  0.508,  0.500,
  3049,07/09/18 07:25:39,301,  5.645,  0.578,  0.400,
  3055,07/09/18 07:26:18,301,  5.736,  0.507,  0.300,
  3061,07/09/18 07:26:57,301,  5.643,  0.573,  0.400,
  3067,07/09/18 07:27:36,301,  5.564,  0.606,  0.300,
  3073,07/09/18 07:28:15,301,  5.686,  0.556,  0.500,
  3079,07/09/18 07:30:34,301,  5.664,  0.523,  0.300,
  3085,07/09/18 07:31:15,301,  5.654,  0.545,  0.450,
  3091,07/09/18 07:31:54,301,  5.685,  0.524,  0.400,
  3097,07/09/18 07:32:34,301,  5.624,  0.598,  0.450,
  3103,07/09/18 07:33:13,301,  5.643,  0.599,  0.400,
  3109,07/09/18 07:35:32,301,  5.654,  0.612,  0.400,
  3115,07/09/18 07:36:11,301,  5.637,  0.580,  0.300,
  3121,07/09/18 07:36:50,301,  5.600,  0.655,  0.300,
  3127,07/09/18 07:37:30,301,  5.600,  0.739,  0.250,
  3133,07/09/18 07:38:09,301,  5.563,  0.755,  0.350,
  3139,07/09/18 07:40:27,301,  5.744,  0.635,  0.350,
  3145,07/09/18 07:41:07,301,  5.625,  0.594,  0.300,
  3151,07/09/18 07:41:46,301,  5.635,  0.653,  0.450,
  3157,07/09/18 07:42:25,301,  5.616,  0.661,  0.450,
  3163,07/09/18 07:43:04,301,  5.625,  0.719,  0.300,
  3169,07/09/18 07:45:22,301,  5.608,  0.666,  0.150,
  3175,07/09/18 07:46:01,301,  5.623,  0.582,  0.300,
  3181,07/09/18 07:46:40,301,  5.658,  0.537,  0.350,
  3187,07/09/18 07:47:19,301,  5.702,  0.423,  0.400,
  3193,07/09/18 07:47:59,301,  5.640,  0.485,  0.250,
  3199,07/09/18 07:50:18,301,  5.636,  0.528,  0.250,
  3205,07/09/18 07:50:58,301,  5.591,  0.534,  0.400,
  3211,07/09/18 07:51:38,301,  5.585,  0.563,  0.350,
  3217,07/09/18 07:52:17,301,  5.604,  0.511,  0.900,
  3223,07/09/18 07:52:56,301,  5.654,  0.483,  0.500,
  3229,07/09/18 07:55:13,301,  5.662,  0.572,  0.500,
  3235,07/09/18 07:55:52,301,  5.609,  0.577,  0.450,
  3241,07/09/18 07:56:32,301,  5.608,  0.554,  0.450,
  3247,07/09/18 07:57:11,301,  5.635,  0.726,  0.400,
  3253,07/09/18 07:57:51,301,  5.663,  0.622,  0.400,
  3259,07/09/18 08:00:09,301,  5.670,  0.557,  0.300,
  3265,07/09/18 08:00:48,301,  5.680,  0.740,  0.400,
  3271,07/09/18 08:01:28,301,  5.633,  0.768,  0.150,
  3277,07/09/18 08:02:07,301,  5.670,  0.566,  0.600,
  3283,07/09/18 08:02:47,301,  5.643,  0.712,  0.350,
  3289,07/09/18 08:05:04,301,  5.618,  0.726,  0.300,
  3295,07/09/18 08:05:44,301,  5.636,  0.596,  0.500,
  3301,07/09/18 08:06:23,301,  5.576,  0.686,  0.400,
  3307,07/09/18 08:07:02,301,  5.614,  0.738,  0.300,
  3313,07/09/18 08:07:42,301,  5.614,  0.773,  0.300,
  3319,07/09/18 08:10:00,301,  5.649,  0.740,  0.400,
  3325,07/09/18 08:10:39,301,  5.614,  0.790,  0.350,
  3331,07/09/18 08:11:19,301,  5.645,  0.735,  0.400,
  3337,07/09/18 08:11:58,301,  5.631,  0.718,  0.300,
  3343,07/09/18 08:12:37,301,  5.624,  0.764,  0.250,
  3349,07/09/18 08:14:54,301,  5.653,  0.616,  0.350,
  3355,07/09/18 08:15:33,301,  5.539,  0.677,  0.350,
  3361,07/09/18 08:16:12,301,  5.610,  0.642,  0.450,
  3367,07/09/18 08:16:51,301,  5.563,  0.650,  0.400,
  3373,07/09/18 08:17:30,301,  5.578,  0.625,  0.300,
  3379,07/09/18 08:19:48,301,  5.641,  0.560,  0.900,
  3385,07/09/18 08:20:28,301,  5.654,  0.502,  0.450,
  3391,07/09/18 08:21:08,301,  5.577,  0.628,  0.400,
  3397,07/09/18 08:21:47,301,  5.603,  0.528,  0.450,
  3403,07/09/18 08:22:26,301,  5.603,  0.539,  0.400,
  3409,07/09/18 08:24:43,301,  5.606,  0.561,  0.800,
  3415,07/09/18 08:25:22,301,  5.596,  0.697,  0.350,
  3421,07/09/18 08:26:01,301,  5.617,  0.605,  0.450,
  3427,07/09/18 08:26:41,301,  5.599,  0.633,  0.350,
  3433,07/09/18 08:27:19,301,  5.594,  0.475,  0.250,
  3439,07/09/18 08:29:37,301,  5.596,  0.610,  0.400,
  3445,07/09/18 08:30:17,301,  5.574,  0.607,  0.300,
  3451,07/09/18 08:30:56,301,  5.596,  0.702,  0.300,
  3457,07/09/18 08:31:35,301,  5.578,  0.697,  0.400,
  3463,07/09/18 08:32:14,301,  5.502,  0.718,  0.300,
  3469,07/09/18 08:34:32,301,  5.603,  0.642,  0.250,
  3475,07/09/18 08:35:12,301,  5.600,  0.686,  0.350,
  3481,07/09/18 08:35:51,301,  5.598,  0.754,  0.300,
  3487,07/09/18 08:36:30,301,  5.626,  0.658,  0.400,
  3493,07/09/18 08:37:09,301,  5.656,  0.641,  0.400,
  3499,07/09/18 08:39:27,301,  5.604,  0.650,  0.250,
  3505,07/09/18 08:40:07,301,  5.643,  0.619,  0.500,
  3511,07/09/18 08:40:47,301,  5.598,  0.718,  0.350,
  3517,07/09/18 08:41:26,301,  5.582,  0.755,  0.400,
  3523,07/09/18 08:42:05,301,  5.615,  0.662,  0.450,
  3529,07/09/18 08:44:23,301,  5.623,  0.742,  0.400,
  3535,07/09/18 08:45:02,301,  5.629,  0.686,  0.350,
  3541,07/09/18 08:45:41,301,  5.545,  0.841,  0.250,
  3547,07/09/18 08:46:20,301,  5.606,  0.885,  0.450,
  3553,07/09/18 08:47:00,301,  5.622,  1.009,  0.400,
  3559,07/09/18 08:49:18,301,  5.648,  1.077,  0.300,
  3565,07/09/18 08:49:57,301,  5.684,  1.051,  0.350,
  3571,07/09/18 08:50:36,301,  5.641,  0.953,  0.300,
  3577,07/09/18 08:51:15,301,  5.806,  0.939,  0.250,
  3583,07/09/18 08:51:54,301,  5.780,  1.160,  0.300,
  3589,07/09/18 08:54:12,301,  6.354,  1.775,  0.050,
  3595,07/09/18 08:54:51,301,  6.831,  1.790,  0.050,
  3601,07/09/18 08:55:30,301,  7.063,  2.235,  0.050,
  3607,07/09/18 08:56:09,301,  7.574,  2.095,  0.050,
  3613,07/09/18 08:56:49,301,  7.760,  2.364,  0.200,
  3619,07/09/18 08:57:49,301,  7.971,  2.393,  1.200,
  3625,07/09/18 08:58:28,301,  7.942,  2.321,  1.200,
  3631,07/09/18 08:59:08,301,  8.001,  2.121,  1.300,
  3637,07/09/18 08:59:47,301,  7.938,  2.153,  1.300,
  3643,07/09/18 09:00:27,301,  7.897,  2.167,  1.200,
  3649,07/09/18 09:01:27,301,  7.770,  2.261,  1.200,
  3655,07/09/18 09:02:06,301,  7.780,  2.061,  1.600,
  3661,07/09/18 09:02:45,301,  7.728,  1.932,  1.200,
  3667,07/09/18 09:03:24,301,  7.595,  2.048,  1.300,
  3673,07/09/18 09:04:03,301,  7.033,  2.791,  1.300,
  3679,07/09/18 09:05:06,301,  6.873,  2.995,  1.200,
  3685,07/09/18 09:05:45,301,  6.889,  3.051,  1.200,
  3691,07/09/18 09:06:25,301,  7.816,  3.739,  1.200,
  3697,07/09/18 09:07:04,301,  9.160,  4.241,  0.000,
  3703,07/09/18 09:07:44,301,  9.804,  5.543,  0.000,
  3709,07/09/18 09:08:43,301,  9.972,  6.470,  0.000,
  3715,07/09/18 09:09:23,301, 10.031,  6.280,  0.000,
  3721,07/09/18 09:10:02,301,  9.861,  6.143,  0.000,
  3727,07/09/18 09:10:43,301,  9.827,  6.025,  0.000,
  3733,07/09/18 09:11:22,301,  9.762,  5.583,  0.000,
  3739,07/09/18 09:12:28,301,  9.595,  4.763,  0.000,
  3745,07/09/18 09:13:07,301,  9.541,  4.110,  0.000,
  3751,07/09/18 09:13:46,301,  9.645,  3.218,  0.000,
  3757,07/09/18 09:14:25,301,  9.550,  2.857,  1.300,
  3763,07/09/18 09:15:05,301,  9.362,  2.768,  0.000,
  3769,07/09/18 09:16:05,301,  9.726,  3.544,  0.150,
  3775,07/09/18 09:16:44,301,  9.953,  4.258,  0.000,
  3781,07/09/18 09:17:24,301, 10.096,  4.746,  0.000,
  3787,07/09/18 09:18:03,301,  9.876,  5.088,  0.000,
  3793,07/09/18 09:18:43,301,  9.939,  5.116,  0.000,
  3799,07/09/18 09:19:43,301,  9.602,  5.303,  0.000,
  3805,07/09/18 09:20:26,301,  9.363,  4.697,  0.000,
  3811,07/09/18 09:21:06,301,  9.045,  5.034,  0.000,
  3817,07/09/18 09:21:45,301,  8.888,  5.772,  0.000,
  3823,07/09/18 09:22:25,301,  9.071,  5.759,  0.000,
  3829,07/09/18 09:23:25,301,  9.582,  6.582,  0.000,
  3835,07/09/18 09:24:04,301,  9.142,  6.838,  0.000,
  3841,07/09/18 09:24:43,301,  9.174,  5.787,  0.000,
  3847,07/09/18 09:25:22,301,  8.854,  5.451,  0.000,
  3853,07/09/18 09:26:02,301,  8.774,  5.178,  0.000,
  3859,07/09/18 09:27:01,301,  9.400,  4.734,  0.000,
  3865,07/09/18 09:27:40,301,  9.622,  4.988,  0.000,
  3871,07/09/18 09:28:20,301,  9.707,  5.065,  0.000,
  3877,07/09/18 09:29:00,301,  9.846,  4.879,  0.000,
  3883,07/09/18 09:29:38,301,  9.790,  4.914,  0.000,
  3889,07/09/18 09:30:38,301,  9.883,  4.570,  0.000,
  3895,07/09/18 09:31:17,301,  9.790,  4.483,  0.000,
  3901,07/09/18 09:31:56,301,  9.884,  3.962,  0.000,
  3907,07/09/18 09:32:35,301,  9.825,  3.545,  0.000,
  3913,07/09/18 09:33:15,301,  9.459,  3.363,  0.000,
  3919,07/09/18 09:34:14,301,  9.086,  3.078,  0.000,
  3925,07/09/18 09:34:53,301,  8.776,  3.159,  0.000,
  3931,07/09/18 09:35:32,301,  8.605,  2.987,  0.000,
  3937,07/09/18 09:36:11,301,  8.277,  2.759,  0.200,
  3943,07/09/18 09:36:51,301,  7.905,  2.761,  1.200,
  3949,07/09/18 09:37:51,301,  7.448,  3.096,  0.000,
  3955,07/09/18 09:38:29,301,  7.357,  3.011,  0.100,
  3961,07/09/18 09:39:08,301,  6.956,  3.488,  1.000,
  3967,07/09/18 09:39:47,301,  6.728,  3.816,  1.000,
  3973,07/09/18 09:40:27,301,  7.062,  3.168,  1.100,
  3979,07/09/18 09:41:27,301,  6.945,  2.663,  1.000,
  3985,07/09/18 09:42:07,301,  6.713,  2.911,  1.100,
  3991,07/09/18 09:42:46,301,  6.234,  4.231,  1.000,
  3997,07/09/18 09:43:25,301,  6.642,  5.454,  1.100,
  4003,07/09/18 09:44:05,301,  8.175,  7.066,  0.000,
  4009,07/09/18 09:45:05,301,  8.945,  8.564,  0.000,
  4015,07/09/18 09:45:44,301,  9.184,  7.975,  0.000,
  4021,07/09/18 09:46:23,301,  9.478,  6.644,  0.000,
  4027,07/09/18 09:47:02,301,  9.376,  6.057,  0.000,
  4033,07/09/18 09:47:42,301,  9.178,  6.254,  0.000,
  4039,07/09/18 09:48:42,301,  9.140,  6.364,  0.000,
  4045,07/09/18 09:49:21,301,  9.009,  6.362,  0.000,
  4051,07/09/18 09:50:00,301,  8.927,  6.522,  0.000,
  4057,07/09/18 09:50:40,301,  9.146,  7.168,  0.000,
  4063,07/09/18 09:51:19,301,  9.583,  7.002,  0.000,
  4069,07/09/18 09:52:18,301,  9.513,  6.757,  0.000,
  4075,07/09/18 09:52:58,301,  9.579,  6.739,  0.000,
  4081,07/09/18 09:53:38,301,  9.493,  7.046,  0.000,
  4087,07/09/18 09:54:17,301,  9.575,  6.995,  0.000,
  4093,07/09/18 09:54:56,301,  9.611,  7.125,  0.000,
  4099,07/09/18 09:55:55,301,  9.621,  6.770,  0.000,
  4105,07/09/18 09:56:34,301,  9.665,  6.699,  0.000,
  4111,07/09/18 09:57:14,301,  9.636,  5.847,  0.000,
  4117,07/09/18 09:57:53,301,  9.612,  5.446,  0.000,
  4123,07/09/18 09:58:32,301,  9.583,  5.354,  0.000,
  4129,07/09/18 09:59:32,301,  9.594,  5.001,  0.000,
  4135,07/09/18 10:00:12,301,  9.474,  4.987,  0.000,
  4141,07/09/18 10:00:51,301,  9.392,  4.674,  0.000,
  4147,07/09/18 10:01:30,301,  9.093,  4.750,  0.000,
  4153,07/09/18 10:02:10,301,  9.140,  4.751,  0.000,
  4159,07/09/18 10:03:09,301,  9.230,  4.417,  0.000,
  4165,07/09/18 10:03:48,301,  9.223,  4.089,  0.000,
  4171,07/09/18 10:04:28,301,  8.978,  3.825,  0.000,
  4177,07/09/18 10:05:08,301,  9.000,  3.224,  0.000,
  4183,07/09/18 10:05:46,301,  8.857,  2.934,  0.000,
  4189,07/09/18 10:06:46,301,  8.836,  2.968,  0.000,
  4195,07/09/18 10:07:25,301,  8.796,  2.727,  0.150,
  4201,07/09/18 10:08:05,301,  8.696,  2.613,  0.000,
  4207,07/09/18 10:08:44,301,  8.957,  3.044,  0.150,
  4213,07/09/18 10:09:23,301,  9.302,  3.862,  0.000,
  4219,07/09/18 10:10:24,301,  9.261,  3.994,  0.000,
  4225,07/09/18 10:11:03,301,  9.284,  3.325,  0.000,
  4231,07/09/18 10:11:42,301,  9.010,  3.087,  0.050,
  4237,07/09/18 10:12:21,301,  8.767,  2.783,  0.000,
  4243,07/09/18 10:13:01,301,  8.685,  2.359,  0.050,
  4249,07/09/18 10:14:00,301,  8.303,  2.227,  0.200,
  4255,07/09/18 10:14:39,301,  8.218,  2.109,  0.050,
  4261,07/09/18 10:15:19,301,  8.160,  2.107,  0.050,
  4267,07/09/18 10:15:58,301,  8.173,  2.002,  0.050,
  4273,07/09/18 10:16:37,301,  8.022,  2.006,  1.200,
  4279,07/09/18 10:17:36,301,  7.894,  1.974,  0.100,
  4285,07/09/18 10:18:15,301,  7.706,  2.112,  1.200,
  4291,07/09/18 10:18:55,301,  7.645,  1.948,  1.200,
  4297,07/09/18 10:19:35,301,  7.518,  1.873,  1.200,
  4303,07/09/18 10:20:14,301,  7.286,  1.836,  1.100,
  4309,07/09/18 10:21:14,301,  7.153,  1.655,  1.100,
  4315,07/09/18 10:21:53,301,  7.086,  1.571,  1.100,
  4321,07/09/18 10:22:32,301,  6.917,  1.608,  1.100,
  4327,07/09/18 10:23:12,301,  6.764,  1.588,  1.000,
  4333,07/09/18 10:23:51,301,  6.589,  1.609,  1.000,
  4339,07/09/18 10:24:51,301,  6.442,  1.536,  0.250,
  4345,07/09/18 10:25:30,301,  6.286,  1.501,  0.900,
  4351,07/09/18 10:26:09,301,  6.245,  1.436,  1.100,
  4357,07/09/18 10:26:49,301,  6.133,  1.372,  0.400,
  4363,07/09/18 10:27:28,301,  6.040,  1.435,  0.500,
  4369,07/09/18 10:28:27,301,  5.997,  1.327,  0.500,
  4375,07/09/18 10:29:07,301,  5.823,  1.377,  0.450,
  4381,07/09/18 10:29:51,301,  5.827,  1.292,  0.500,
  4387,07/09/18 10:30:31,301,  5.811,  1.263,  0.450,
  4393,07/09/18 10:31:10,301,  5.700,  1.201,  0.350,
  4399,07/09/18 10:32:10,301,  5.622,  1.110,  0.350,
  4405,07/09/18 10:32:49,301,  5.593,  1.146,  0.400,
  4411,07/09/18 10:33:28,301,  5.523,  1.141,  0.300,
  4417,07/09/18 10:34:07,301,  5.530,  1.329,  0.300,
  4423,07/09/18 10:34:46,301,  5.469,  1.158,  0.250,
  4429,07/09/18 10:35:46,301,  5.452,  1.148,  0.250,
  4435,07/09/18 10:36:25,301,  5.466,  1.109,  0.450,
  4441,07/09/18 10:37:04,301,  5.504,  1.116,  0.350,
  4447,07/09/18 10:37:43,301,  5.433,  1.073,  0.300,
  4453,07/09/18 10:38:23,301,  5.447,  1.037,  0.250,
  4459,07/09/18 10:39:23,301,  5.459,  0.976,  0.250,
  4465,07/09/18 10:40:02,301,  5.453,  1.014,  0.250,
  4471,07/09/18 10:40:42,301,  5.427,  0.970,  0.250,
  4477,07/09/18 10:41:21,301,  5.426,  1.052,  0.300,
  4483,07/09/18 10:42:01,301,  5.397,  1.146,  0.250,
  4489,07/09/18 10:43:01,301,  5.356,  1.423,  0.400,
  4495,07/09/18 10:43:40,301,  5.451,  1.121,  0.300,
  4501,07/09/18 10:44:19,301,  5.381,  1.226,  0.350,
  4507,07/09/18 10:44:59,301,  5.388,  1.014,  0.350,
  4513,07/09/18 10:45:38,301,  5.455,  0.929,  0.350,
  4519,07/09/18 10:47:56,301,  5.309,  1.149,  0.200,
  4525,07/09/18 10:48:35,301,  5.453,  1.074,  0.250,
  4531,07/09/18 10:49:14,301,  5.446,  1.118,  0.100,
  4537,07/09/18 10:49:53,301,  5.420,  1.098,  0.250,
  4543,07/09/18 10:50:34,301,  5.407,  0.995,  0.250,
  4549,07/09/18 10:52:51,301,  5.426,  1.143,  0.300,
  4555,07/09/18 10:53:30,301,  5.445,  0.946,  0.350,
  4561,07/09/18 10:54:10,301,  5.397,  0.851,  0.200,
  4567,07/09/18 10:54:49,301,  5.474,  0.735,  0.300,
  4573,07/09/18 10:55:28,301,  5.455,  0.710,  0.350,
  4579,07/09/18 10:57:46,301,  5.458,  0.839,  0.250,
  4585,07/09/18 10:58:25,301,  5.455,  0.812,  0.350,
  4591,07/09/18 10:59:05,301,  5.468,  0.794,  0.150,
  4597,07/09/18 10:59:44,301,  5.458,  0.765,  0.100,
  4603,07/09/18 11:00:24,301,  5.459,  0.809,  0.250,
  4609,07/09/18 11:02:42,301,  5.414,  1.010,  0.300,
  4615,07/09/18 11:03:21,301,  5.416,  0.913,  0.300,
  4621,07/09/18 11:04:00,301,  5.404,  0.935,  0.300,
  4627,07/09/18 11:04:40,301,  5.535,  0.822,  0.250,
  4633,07/09/18 11:05:19,301,  5.459,  0.803,  0.150,
  4639,07/09/18 11:07:37,301,  5.487,  1.076,  0.300,
  4645,07/09/18 11:08:16,301,  5.543,  0.776,  0.250,
  4651,07/09/18 11:08:56,301,  5.486,  0.821,  0.250,
  4657,07/09/18 11:09:35,301,  5.488,  0.830,  0.300,
  4663,07/09/18 11:10:15,301,  5.527,  0.742,  0.150,
  4669,07/09/18 11:12:33,301,  5.545,  0.840,  0.350,
  4675,07/09/18 11:13:12,301,  5.534,  0.892,  0.300,
  4681,07/09/18 11:13:51,301,  5.584,  0.832,  0.250,
  4687,07/09/18 11:14:30,301,  5.513,  0.918,  0.250,
  4693,07/09/18 11:15:09,301,  5.529,  0.782,  0.350,
  4699,07/09/18 11:17:27,301,  5.577,  0.889,  0.200,
  4705,07/09/18 11:18:07,301,  5.536,  0.639,  0.400,
  4711,07/09/18 11:18:46,301,  5.600,  0.676,  0.250,
  4717,07/09/18 11:19:25,301,  5.568,  0.534,  0.300,
  4723,07/09/18 11:20:05,301,  5.551,  0.571,  0.250,
  4729,07/09/18 11:22:23,301,  5.544,  0.710,  0.300,
  4735,07/09/18 11:23:02,301,  5.467,  0.802,  0.200,
  4741,07/09/18 11:23:41,301,  5.577,  0.588,  0.300,
  4747,07/09/18 11:24:20,301,  5.559,  0.565,  0.150,
  4753,07/09/18 11:24:59,301,  5.536,  0.545,  0.350,
  4759,07/09/18 11:27:17,301,  5.420,  0.719,  0.300,
  4765,07/09/18 11:27:56,301,  5.563,  0.569,  0.250,
  4771,07/09/18 11:28:36,301,  5.475,  0.851,  0.300,
  4777,07/09/18 11:29:15,301,  5.616,  0.660,  0.200,
  4783,07/09/18 11:29:55,301,  5.599,  1.101,  0.350,
  4789,07/09/18 11:32:14,301,  5.651,  0.866,  0.250,
  4795,07/09/18 11:32:53,301,  5.475,  1.152,  0.350,
  4801,07/09/18 11:33:32,301,  5.532,  1.101,  0.150,
  4807,07/09/18 11:34:11,301,  5.591,  0.848,  0.300,
  4813,07/09/18 11:34:51,301,  5.549,  0.611,  0.300,
  4819,07/09/18 11:37:08,301,  5.645,  0.945,  0.300,
  4825,07/09/18 11:37:48,301,  5.604,  0.868,  0.250,
  4831,07/09/18 11:38:27,301,  5.595,  1.031,  0.250,
  4837,07/09/18 11:39:07,301,  5.641,  1.000,  0.500,
  4843,07/09/18 11:39:46,301,  5.604,  0.786,  0.400,
  4849,07/09/18 11:42:03,301,  5.502,  1.056,  0.250,
  4855,07/09/18 11:42:42,301,  5.593,  0.880,  0.250,
  4861,07/09/18 11:43:22,301,  5.582,  0.729,  0.250,
  4867,07/09/18 11:44:02,301,  5.621,  0.782,  0.350,
  4873,07/09/18 11:44:42,301,  5.458,  0.939,  0.250,
  4879,07/09/18 11:46:59,301,  5.569,  0.555,  0.400,
  4885,07/09/18 11:47:38,301,  5.495,  0.643,  0.300,
  4891,07/09/18 11:48:18,301,  5.566,  0.567,  0.250,
  4897,07/09/18 11:48:57,301,  5.492,  0.600,  0.300,
  4903,07/09/18 11:49:36,301,  5.610,  0.663,  0.250,
  4909,07/09/18 11:51:53,301,  5.560,  0.444,  0.250,
  4915,07/09/18 11:52:33,301,  5.516,  0.460,  0.300,
  4921,07/09/18 11:53:13,301,  5.514,  0.465,  0.300,
  4927,07/09/18 11:53:52,301,  5.527,  0.457,  0.250,
  4933,07/09/18 11:54:31,301,  5.505,  0.400,  0.250,
  4939,07/09/18 11:56:49,301,  5.549,  0.389,  0.300,
  4945,07/09/18 11:57:28,301,  5.528,  0.407,  0.350,
  4951,07/09/18 11:58:07,301,  5.577,  0.388,  0.200,
  4957,07/09/18 11:58:46,301,  5.526,  0.378,  0.250,
  4963,07/09/18 11:59:26,301,  5.486,  0.417,  0.350,
  4969,07/09/18 12:01:43,301,  5.523,  0.480,  0.300,
  4975,07/09/18 12:02:22,301,  5.514,  0.428,  0.300,
  4981,07/09/18 12:03:02,301,  5.573,  0.404,  0.350,
  4987,07/09/18 12:03:41,301,  5.481,  0.462,  0.250,
  4993,07/09/18 12:04:21,301,  5.559,  0.393,  0.400,
  4999,07/09/18 12:06:38,301,  5.559,  0.424,  0.250,
  5005,07/09/18 12:07:17,301,  5.531,  0.421,  0.350,
  5011,07/09/18 12:07:56,301,  5.581,  0.429,  0.400,
  5017,07/09/18 12:08:35,301,  5.541,  0.452,  0.300,
  5023,07/09/18 12:09:16,301,  5.559,  0.418,  0.300,
  5029,07/09/18 12:11:34,301,  5.478,  0.414,  0.250,
  5035,07/09/18 12:12:13,301,  5.447,  0.421,  0.300,
  5041,07/09/18 12:12:52,301,  5.502,  0.376,  0.250,
  5047,07/09/18 12:13:32,301,  5.497,  0.367,  0.250,
  5053,07/09/18 12:14:11,301,  5.469,  0.361,  0.300,
  5059,07/09/18 12:16:29,301,  5.459,  0.372,  0.350,
  5065,07/09/18 12:17:09,301,  5.449,  0.383,  0.600,
  5071,07/09/18 12:17:48,301,  5.514,  0.341,  0.350,
  5077,07/09/18 12:18:28,301,  5.478,  0.423,  0.300,
  5083,07/09/18 12:19:07,301,  5.556,  0.358,  0.450,
  5089,07/09/18 12:21:26,301,  5.518,  0.306,  0.400,
  5095,07/09/18 12:22:05,301,  5.456,  0.307,  0.450,
  5101,07/09/18 12:22:45,301,  5.502,  0.314,  0.400,
  5107,07/09/18 12:23:25,301,  5.494,  0.280,  0.300,
  5113,07/09/18 12:24:04,301,  5.491,  0.304,  0.350,
  5119,07/09/18 12:26:23,301,  5.499,  0.321,  0.350,
  5125,07/09/18 12:27:02,301,  5.449,  0.328,  0.250,
  5131,07/09/18 12:27:41,301,  5.496,  0.354,  0.350,
  5137,07/09/18 12:28:21,301,  5.474,  0.357,  0.500,
  5143,07/09/18 12:29:00,301,  5.488,  0.379,  0.300,
  5149,07/09/18 12:31:18,301,  5.511,  0.339,  0.300,
  5155,07/09/18 12:31:57,301,  5.498,  0.378,  0.300,
  5161,07/09/18 12:32:37,301,  5.479,  0.391,  0.350,
  5167,07/09/18 12:33:16,301,  5.478,  0.427,  0.300,
  5173,07/09/18 12:33:56,301,  5.554,  0.363,  0.300,
  5179,07/09/18 12:36:13,301,  5.503,  0.401,  0.400,
  5185,07/09/18 12:36:53,301,  5.446,  0.392,  0.350,
  5191,07/09/18 12:37:32,301,  5.531,  0.351,  0.300,
  5197,07/09/18 12:38:11,301,  5.527,  0.344,  0.250,
  5203,07/09/18 12:38:50,301,  5.515,  0.368,  0.250,
  5209,07/09/18 12:41:08,301,  5.442,  0.376,  0.350,
  5215,07/09/18 12:41:47,301,  5.406,  0.433,  0.350,
  5221,07/09/18 12:42:26,301,  5.421,  0.377,  0.600,
  5227,07/09/18 12:43:06,301,  5.405,  0.435,  0.350,
  5233,07/09/18 12:43:45,301,  5.463,  0.356,  0.450,
  5239,07/09/18 12:46:03,301,  5.384,  0.438,  0.250,
  5245,07/09/18 12:46:43,301,  5.407,  0.425,  0.250,
  5251,07/09/18 12:47:21,301,  5.441,  0.411,  0.400,
  5257,07/09/18 12:48:00,301,  5.404,  0.425,  0.400,
  5263,07/09/18 12:48:40,301,  5.413,  0.501,  0.400,
  5269,07/09/18 12:50:58,301,  5.453,  0.446,  0.400,
  5275,07/09/18 12:51:37,301,  5.419,  0.474,  0.400,
  5281,07/09/18 12:52:17,301,  5.446,  0.462,  0.250,
  5287,07/09/18 12:52:56,301,  5.369,  0.528,  0.350,
  5293,07/09/18 12:53:35,301,  5.432,  0.466,  0.700,
  5299,07/09/18 12:55:53,301,  5.445,  0.436,  0.450,
  5305,07/09/18 12:56:31,301,  5.363,  0.535,  0.400,
  5311,07/09/18 12:57:10,301,  5.418,  0.471,  0.450,
  5317,07/09/18 12:57:49,301,  5.345,  0.523,  0.450,
  5323,07/09/18 12:58:28,301,  5.376,  0.453,  0.350,
  5329,07/09/18 13:00:46,301,  5.403,  0.466,  0.350,
  5335,07/09/18 13:01:25,301,  5.361,  0.461,  0.250,
  5341,07/09/18 13:02:05,301,  5.475,  0.354,  1.000,
  5347,07/09/18 13:02:43,301,  5.386,  0.449,  0.150,
  5353,07/09/18 13:04:00,301,  5.386,  0.461,  0.350,
  5359,07/09/18 13:06:18,301,  5.397,  0.444,  0.400,
  5365,07/09/18 13:06:57,301,  5.436,  0.376,  0.500,
  5371,07/09/18 13:07:36,301,  5.389,  0.455,  0.100,
  5377,07/09/18 13:08:15,301,  5.372,  0.439,  0.300,
  5383,07/09/18 13:08:54,301,  5.359,  0.434,  0.400,
  5389,07/09/18 13:11:12,301,  5.451,  0.326,  0.250,
  5395,07/09/18 13:11:52,301,  5.412,  0.327,  0.350,
  5401,07/09/18 13:12:31,301,  5.429,  0.331,  0.900,
  5407,07/09/18 13:13:11,301,  5.371,  0.338,  0.150,
  5413,07/09/18 13:13:50,301,  5.350,  0.363,  0.350,
  5419,07/09/18 13:16:07,301,  5.406,  0.285,  0.350,
  5425,07/09/18 13:16:47,301,  5.372,  0.300,  0.400,
  5431,07/09/18 13:17:27,301,  5.348,  0.307,  0.250,
  5437,07/09/18 13:18:06,301,  5.430,  0.251,  0.350,
  5443,07/09/18 13:18:46,301,  5.366,  0.307,  0.400,
  5449,07/09/18 13:21:17,301,  5.275,  0.308,  0.450,
  5455,07/09/18 13:21:56,301,  5.314,  0.314,  0.100,
  5461,07/09/18 13:22:35,301,  5.293,  0.310,  0.350,
  5467,07/09/18 13:23:15,301,  5.313,  0.315,  0.350,
  5473,07/09/18 13:23:54,301,  5.377,  0.272,  0.400,
  5479,07/09/18 13:26:12,301,  5.350,  0.334,  0.300,
  5485,07/09/18 13:26:51,301,  5.368,  0.265,  0.400,
  5491,07/09/18 13:27:30,301,  5.319,  0.389,  0.300,
  5497,07/09/18 13:28:10,301,  5.308,  0.373,  0.400,
  5503,07/09/18 13:28:49,301,  5.307,  0.307,  0.250,
  5509,07/09/18 13:31:07,301,  5.295,  0.345,  0.300,
  5515,07/09/18 13:31:46,301,  5.232,  0.381,  0.250,
  5521,07/09/18 13:32:25,301,  5.262,  0.353,  0.350,
  5527,07/09/18 13:33:04,301,  5.211,  0.384,  0.350,
  5533,07/09/18 13:33:43,301,  5.273,  0.340,  0.300,
  5539,07/09/18 13:36:01,301,  5.298,  0.252,  0.400,
  5545,07/09/18 13:36:41,301,  5.297,  0.244,  0.800,
  5551,07/09/18 13:37:20,301,  5.241,  0.335,  0.350,
  5557,07/09/18 13:37:59,301,  5.293,  0.266,  0.200,
  5563,07/09/18 13:38:39,301,  5.234,  0.276,  0.250,
  5569,07/09/18 13:40:57,301,  5.320,  0.233,  0.250,
  5575,07/09/18 13:41:36,301,  5.325,  0.196,  0.300,
  5581,07/09/18 13:42:15,301,  5.219,  0.255,  0.300,
  5587,07/09/18 13:42:54,301,  5.254,  0.225,  0.300,
  5593,07/09/18 13:43:34,301,  5.204,  0.241,  0.350,
  5599,07/09/18 13:45:51,301,  5.238,  0.144,  1.400,
  5605,07/09/18 13:46:30,301,  5.157,  0.228,  0.900,
  5611,07/09/18 13:47:09,301,  5.217,  0.176,  1.100,
  5617,07/09/18 13:47:48,301,  5.206,  0.205,  0.450,
  5623,07/09/18 13:48:27,301,  5.189,  0.222,  0.600,
  5629,07/09/18 13:50:45,301,  5.225,  0.192,  0.300,
  5635,07/09/18 13:51:24,301,  5.220,  0.182,  0.700,
  5641,07/09/18 13:52:03,301,  5.235,  0.195,  0.500,
  5647,07/09/18 13:52:43,301,  5.196,  0.257,  0.350,
  5653,07/09/18 13:53:22,301,  5.209,  0.230,  0.800,
  5659,07/09/18 13:55:39,301,  5.191,  0.197,  0.500,
  5665,07/09/18 13:56:19,301,  5.200,  0.171,  0.800,
  5671,07/09/18 13:56:59,301,  5.206,  0.193,  0.350,
  5677,07/09/18 13:57:38,301,  5.224,  0.230,  0.450,
  5683,07/09/18 13:58:17,301,  5.168,  0.200,  0.450,
  5689,07/09/18 14:00:47,301,  5.184,  0.235,  0.500,
  5695,07/09/18 14:01:26,301,  5.203,  0.245,  0.300,
  5701,07/09/18 14:02:06,301,  5.216,  0.223,  0.350,
  5707,07/09/18 14:02:45,301,  5.203,  0.220,  0.300,
  5713,07/09/18 14:03:25,301,  5.170,  0.266,  0.200,
  5719,07/09/18 14:05:42,301,  5.183,  0.267,  0.300,
  5725,07/09/18 14:06:21,301,  5.155,  0.252,  0.400,
  5731,07/09/18 14:07:01,301,  5.197,  0.253,  0.350,
  5737,07/09/18 14:07:40,301,  5.162,  0.271,  0.450,
  5743,07/09/18 14:08:19,301,  5.198,  0.239,  0.300,
  5749,07/09/18 14:10:38,301,  5.240,  0.186,  0.900,
  5755,07/09/18 14:11:19,301,  5.225,  0.194,  0.350,
  5761,07/09/18 14:11:58,301,  5.209,  0.213,  0.700,
  5767,07/09/18 14:12:37,301,  5.197,  0.195,  1.100,
  5773,07/09/18 14:13:16,301,  5.264,  0.120,  0.800,
  5779,07/09/18 14:15:34,301,  5.200,  0.187,  0.500,
  5785,07/09/18 14:16:13,301,  5.234,  0.157,  0.700,
  5791,07/09/18 14:16:53,301,  5.223,  0.116,  0.900,
  5797,07/09/18 14:17:32,301,  5.176,  0.182,  0.450,
  5803,07/09/18 14:18:11,301,  5.230,  0.166,  0.450,
  5809,07/09/18 14:20:37,301,  5.204,  0.183,  0.400,
  5815,07/09/18 14:21:17,301,  5.177,  0.188,  0.900,
  5821,07/09/18 14:21:56,301,  5.213,  0.155,  1.500,
  5827,07/09/18 14:22:35,301,  5.207,  0.170,  1.100,
  5833,07/09/18 14:23:14,301,  5.263,  0.147,  1.200,
  5839,07/09/18 14:25:32,301,  5.262,  0.130,  2.750,
  5845,07/09/18 14:26:11,301,  5.217,  0.153,  2.000,
  5851,07/09/18 14:26:50,301,  5.184,  0.173,  2.250,
  5857,07/09/18 14:27:29,301,  5.211,  0.162,  3.250,
  5863,07/09/18 14:28:09,301,  5.251,  0.156,  2.750,
  5869,07/09/18 14:30:32,301,  5.252,  0.152,  2.500,
  5875,07/09/18 14:31:11,301,  5.240,  0.156,  2.250,
  5881,07/09/18 14:31:50,301,  5.222,  0.169,  3.000,
  5887,07/09/18 14:32:29,301,  5.263,  0.140,  3.500,
  5893,07/09/18 14:33:08,301,  5.225,  0.148,  3.500,
  5899,07/09/18 14:35:26,301,  5.298,  0.125,  2.000,
  5905,07/09/18 14:36:05,301,  5.308,  0.104,  3.500,
  5911,07/09/18 14:36:44,301,  5.286,  0.137,  3.500,
  5917,07/09/18 14:37:24,301,  5.264,  0.175,  0.600,
  5923,07/09/18 14:38:04,301,  5.340,  0.194,  0.800,
  5929,07/09/18 14:40:22,301,  5.318,  0.172,  1.200,
  5935,07/09/18 14:41:02,301,  5.331,  0.207,  0.400,
  5941,07/09/18 14:41:41,301,  5.332,  0.184,  1.100,
  5947,07/09/18 14:42:21,301,  5.364,  0.098,  4.500,
  5953,07/09/18 14:43:00,301,  5.286,  0.167,  1.200,
  5959,07/09/18 14:45:18,301,  5.281,  0.170,  1.700,
  5965,07/09/18 14:45:57,301,  5.211,  0.184,  1.700,
  5971,07/09/18 14:46:36,301,  5.254,  0.219,  0.900,
  5977,07/09/18 14:47:16,301,  5.296,  0.177,  0.600,
  5983,07/09/18 14:47:55,301,  5.215,  0.186,  0.700,
  5989,07/09/18 14:50:15,301,  5.268,  0.172,  0.900,
  5995,07/09/18 14:50:54,301,  5.294,  0.145,  1.200,
  6001,07/09/18 14:51:34,301,  5.240,  0.149,  1.600,
  6007,07/09/18 14:52:13,301,  5.248,  0.136,  1.600,
  6013,07/09/18 14:52:52,301,  5.226,  0.151,  1.400,
  6019,07/09/18 14:55:09,301,  5.246,  0.112,  2.750,
  6025,07/09/18 14:55:48,301,  5.191,  0.184,  1.000,
  6031,07/09/18 14:56:28,301,  5.172,  0.158,  1.700,
  6037,07/09/18 14:57:07,301,  5.182,  0.161,  0.800,
  6043,07/09/18 14:57:46,301,  5.203,  0.156,  1.000,
  6049,07/09/18 15:00:04,301,  5.146,  0.190,  0.350,
  6055,07/09/18 15:00:44,301,  5.176,  0.169,  0.400,
  6061,07/09/18 15:01:23,301,  5.133,  0.207,  0.300,
  6067,07/09/18 15:02:03,301,  5.161,  0.176,  0.350,
  6073,07/09/18 15:02:42,301,  5.170,  0.225,  0.300,
  6079,07/09/18 15:05:00,301,  5.132,  0.295,  0.400,
  6085,07/09/18 15:05:39,301,  5.075,  0.318,  0.100,
  6091,07/09/18 15:06:19,301,  5.137,  0.226,  0.400,
  6097,07/09/18 15:06:58,301,  5.143,  0.201,  0.350,
  6103,07/09/18 15:07:37,301,  5.123,  0.220,  0.350,
  6109,07/09/18 15:09:55,301,  5.141,  0.208,  0.400,
  6115,07/09/18 15:10:35,301,  5.114,  0.216,  0.400,
  6121,07/09/18 15:11:13,301,  5.072,  0.246,  0.400,
  6127,07/09/18 15:11:52,301,  5.072,  0.220,  0.400,
  6133,07/09/18 15:12:31,301,  5.115,  0.208,  0.800,
  6139,07/09/18 15:14:49,301,  5.183,  0.166,  0.500,
  6145,07/09/18 15:15:28,301,  5.078,  0.250,  0.450,
  6151,07/09/18 15:16:07,301,  5.091,  0.230,  0.300,
  6157,07/09/18 15:16:46,301,  5.072,  0.228,  0.300,
  6163,07/09/18 15:17:25,301,  5.081,  0.283,  0.250,
  6169,07/09/18 15:19:42,301,  5.164,  0.256,  0.800,
  6175,07/09/18 15:20:22,301,  5.118,  0.213,  0.400,
  6181,07/09/18 15:21:02,301,  5.149,  0.227,  0.300,
  6187,07/09/18 15:21:41,301,  5.120,  0.299,  0.350,
  6193,07/09/18 15:22:20,301,  5.108,  0.385,  0.150,
  6199,07/09/18 15:24:38,301,  5.096,  0.185,  0.300,
  6205,07/09/18 15:25:17,301,  5.083,  0.207,  0.500,
  6211,07/09/18 15:25:57,301,  5.117,  0.249,  0.350,
  6217,07/09/18 15:26:35,301,  5.135,  0.273,  0.500,
  6223,07/09/18 15:27:15,301,  5.154,  0.338,  0.350,
  6229,07/09/18 15:29:32,301,  5.113,  0.243,  0.350,
  6235,07/09/18 15:30:12,301,  5.109,  0.188,  0.250,
  6241,07/09/18 15:30:53,301,  5.042,  0.279,  0.350,
  6247,07/09/18 15:31:32,301,  5.179,  0.232,  0.350,
  6253,07/09/18 15:32:11,301,  5.150,  0.161,  0.350,
  6259,07/09/18 15:34:29,301,  5.118,  0.198,  0.300,
  6265,07/09/18 15:35:08,301,  5.062,  0.209,  0.350,
  6271,07/09/18 15:35:48,301,  5.135,  0.141,  0.700,
  6277,07/09/18 15:36:27,301,  5.116,  0.168,  0.500,
  6283,07/09/18 15:37:06,301,  5.177,  0.115,  1.700,
  6289,07/09/18 15:39:24,301,  5.120,  0.186,  0.700,
  6295,07/09/18 15:40:03,301,  5.146,  0.140,  1.200,
  6301,07/09/18 15:40:43,301,  5.121,  0.179,  0.400,
  6307,07/09/18 15:41:22,301,  5.155,  0.150,  1.000,
  6313,07/09/18 15:42:02,301,  5.130,  0.165,  0.500,
  6319,07/09/18 15:44:19,301,  5.100,  0.200,  1.000,
  6325,07/09/18 15:44:59,301,  5.137,  0.175,  0.900,
  6331,07/09/18 15:45:38,301,  5.062,  0.197,  2.000,
  6337,07/09/18 15:46:17,301,  5.108,  0.145,  3.750,
  6343,07/09/18 15:46:56,301,  5.201,  0.101,  1.400,
  6349,07/09/18 15:49:14,301,  5.160,  0.169,  1.100,
  6355,07/09/18 15:49:53,301,  5.127,  0.188,  1.000,
  6361,07/09/18 15:50:33,301,  5.135,  0.172,  1.900,
  6367,07/09/18 15:51:12,301,  5.149,  0.192,  0.450,
  6373,07/09/18 15:51:51,301,  5.198,  0.214,  0.450,
  6379,07/09/18 15:54:09,301,  5.213,  0.111,  0.350,
  6385,07/09/18 15:54:48,301,  5.172,  0.223,  0.500,
  6391,07/09/18 15:55:27,301,  5.134,  0.154,  4.500,
  6397,07/09/18 15:56:06,301,  5.120,  0.228,  0.350,
  6403,07/09/18 15:56:46,301,  5.183,  0.173,  2.500,
  6409,07/09/18 15:59:04,301,  5.224,  0.166,  1.000,
  6415,07/09/18 15:59:43,301,  5.179,  0.176,  0.800,
  6421,07/09/18 16:00:27,301,  5.181,  0.163,  1.000,
  6427,07/09/18 16:01:07,301,  5.170,  0.189,  0.400,
  6433,07/09/18 16:01:46,301,  5.182,  0.256,  0.350,
  6439,07/09/18 16:04:03,301,  5.158,  0.225,  0.450,
  6445,07/09/18 16:04:42,301,  5.144,  0.245,  0.350,
  6451,07/09/18 16:05:21,301,  5.187,  0.216,  0.400,
  6457,07/09/18 16:06:01,301,  5.252,  0.215,  0.350,
  6463,07/09/18 16:06:40,301,  5.228,  0.249,  0.450,
  6469,07/09/18 16:08:58,301,  5.215,  0.287,  0.900,
  6475,07/09/18 16:09:38,301,  5.188,  0.299,  0.400,
  6481,07/09/18 16:10:17,301,  5.191,  0.272,  0.350,
  6487,07/09/18 16:10:57,301,  5.184,  0.300,  0.400,
  6493,07/09/18 16:11:36,301,  5.192,  0.256,  0.900,
  6499,07/09/18 16:13:54,301,  5.201,  0.266,  0.250,
  6505,07/09/18 16:14:34,301,  5.160,  0.340,  0.300,
  6511,07/09/18 16:15:13,301,  5.231,  0.234,  0.350,
  6517,07/09/18 16:15:52,301,  5.230,  0.241,  0.350,
  6523,07/09/18 16:16:32,301,  5.208,  0.316,  0.250,
  6529,07/09/18 16:18:50,301,  5.155,  0.681,  0.350,
  6535,07/09/18 16:19:29,301,  5.215,  0.332,  0.500,
  6541,07/09/18 16:20:08,301,  5.189,  0.396,  0.350,
  6547,07/09/18 16:20:54,301,  5.232,  0.215,  0.350,
  6553,07/09/18 16:21:33,301,  5.242,  0.223,  0.350,
  6559,07/09/18 16:23:52,301,  5.205,  0.259,  0.350,
  6565,07/09/18 16:24:30,301,  5.201,  0.319,  0.400,
  6571,07/09/18 16:25:09,301,  5.244,  0.238,  0.300,
  6577,07/09/18 16:25:49,301,  5.186,  0.305,  0.500,
  6583,07/09/18 16:26:29,301,  5.180,  0.458,  0.250,
  6589,07/09/18 16:28:47,301,  5.245,  0.264,  0.350,
  6595,07/09/18 16:29:27,301,  5.202,  0.254,  0.350,
  6601,07/09/18 16:30:06,301,  5.261,  0.361,  0.300,
  6607,07/09/18 16:30:45,301,  5.222,  0.369,  0.500,
  6613,07/09/18 16:31:25,301,  5.194,  0.407,  0.250,
  6619,07/09/18 16:33:43,301,  5.187,  0.240,  0.350,
  6625,07/09/18 16:34:22,301,  5.198,  0.377,  0.400,
  6631,07/09/18 16:35:01,301,  5.195,  0.409,  0.300,
  6637,07/09/18 16:35:41,301,  5.160,  0.422,  0.200,
  6643,07/09/18 16:36:20,301,  5.286,  0.430,  0.350,
  6649,07/09/18 16:38:38,301,  5.237,  0.502,  0.400,
  6655,07/09/18 16:39:17,301,  5.218,  0.493,  0.350,
  6661,07/09/18 16:39:56,301,  5.165,  0.447,  0.300,
  6667,07/09/18 16:40:41,301,  5.179,  0.381,  0.400,
  6673,07/09/18 16:41:21,301,  5.220,  0.333,  0.300,
  6679,07/09/18 16:43:40,301,  5.202,  0.316,  0.350,
  6685,07/09/18 16:44:19,301,  5.154,  0.485,  0.350,
  6691,07/09/18 16:44:58,301,  5.365,  0.361,  0.300,
  6697,07/09/18 16:45:37,301,  5.169,  0.353,  0.350,
  6703,07/09/18 16:46:17,301,  5.105,  0.494,  0.250,
  6709,07/09/18 16:48:36,301,  5.201,  0.196,  0.350,
  6715,07/09/18 16:49:15,301,  5.155,  0.253,  0.350,
  6721,07/09/18 16:49:55,301,  5.081,  0.410,  0.250,
  6727,07/09/18 16:50:35,301,  5.163,  0.262,  0.450,
  6733,07/09/18 16:51:14,301,  5.058,  0.320,  0.500,
  6739,07/09/18 16:53:33,301,  5.207,  0.263,  0.350,
  6745,07/09/18 16:54:12,301,  5.104,  0.230,  0.400,
  6751,07/09/18 16:54:52,301,  5.109,  0.271,  0.150,
  6757,07/09/18 16:55:32,301,  5.152,  0.248,  0.400,
  6763,07/09/18 16:56:11,301,  5.139,  0.365,  0.400,
  6769,07/09/18 16:58:28,301,  5.107,  0.199,  0.300,
  6775,07/09/18 16:59:07,301,  5.163,  0.175,  0.500,
  6781,07/09/18 16:59:46,301,  5.096,  0.357,  0.450,
  6787,07/09/18 17:00:30,301,  5.096,  0.264,  0.350,
  6793,07/09/18 17:01:09,301,  5.075,  0.221,  0.400,
  6799,07/09/18 17:03:27,301,  5.130,  0.311,  0.350,
  6805,07/09/18 17:04:06,301,  5.083,  0.350,  0.400,
  6811,07/09/18 17:04:46,301,  5.010,  0.335,  0.400,
  6817,07/09/18 17:05:26,301,  5.098,  0.261,  0.300,
  6823,07/09/18 17:06:05,301,  5.061,  0.238,  0.350,
  6829,07/09/18 17:08:23,301,  5.082,  0.218,  0.400,
  6835,07/09/18 17:09:03,301,  5.036,  0.354,  0.700,
  6841,07/09/18 17:09:42,301,  5.048,  0.514,  0.450,
  6847,07/09/18 17:10:22,301,  5.043,  0.272,  0.350,
  6853,07/09/18 17:11:01,301,  5.073,  0.289,  0.350,
  6859,07/09/18 17:13:20,301,  5.050,  0.159,  1.400,
  6865,07/09/18 17:13:59,301,  5.066,  0.199,  1.000,
  6871,07/09/18 17:14:38,301,  5.081,  0.173,  1.300,
  6877,07/09/18 17:15:17,301,  5.039,  0.138,  4.750,
  6883,07/09/18 17:15:57,301,  5.032,  0.175,  0.400,
  6889,07/09/18 17:18:14,301,  5.025,  0.155,  2.000,
  6895,07/09/18 17:18:54,301,  5.033,  0.158,  2.250,
  6901,07/09/18 17:19:34,301,  5.001,  0.167,  3.000,
  6907,07/09/18 17:20:14,301,  4.981,  0.178,  2.500,
  6913,07/09/18 17:20:54,301,  5.022,  0.133,  1.600,
  6919,07/09/18 17:23:11,301,  5.106,  0.122,  2.250,
  6925,07/09/18 17:23:51,301,  4.993,  0.180,  2.750,
  6931,07/09/18 17:24:30,301,  4.956,  0.165,  4.750,
  6937,07/09/18 17:25:09,301,  5.022,  0.169,  1.300,
  6943,07/09/18 17:25:48,301,  4.998,  0.160,  1.700,
  6949,07/09/18 17:28:06,301,  5.043,  0.216,  0.300,
  6955,07/09/18 17:28:46,301,  4.996,  0.197,  0.600,
  6961,07/09/18 17:29:25,301,  4.967,  0.160,  1.300,
  6967,07/09/18 17:30:05,301,  4.980,  0.183,  2.750,
  6973,07/09/18 17:30:55,301,  4.928,  0.172,  3.750,
  6979,07/09/18 17:33:13,301,  5.031,  0.179,  1.100,
  6985,07/09/18 17:33:53,301,  4.965,  0.191,  2.000,
  6991,07/09/18 17:34:32,301,  5.013,  0.155,  2.750,
  6997,07/09/18 17:35:11,301,  4.983,  0.204,  1.700,
  7003,07/09/18 17:35:50,301,  4.955,  0.180,  1.100,
  7009,07/09/18 17:38:07,301,  5.037,  0.193,  1.000,
  7015,07/09/18 17:38:46,301,  5.034,  0.225,  1.400,
  7021,07/09/18 17:39:25,301,  4.980,  0.272,  1.600,
  7027,07/09/18 17:40:04,301,  5.060,  0.105,  4.000,
  7033,07/09/18 17:40:44,301,  4.881,  0.172,  5.000,
  7039,07/09/18 17:43:07,301,  4.982,  0.235,  1.700,
  7045,07/09/18 17:43:47,301,  4.972,  0.136,  4.000,
  7051,07/09/18 17:44:26,301,  4.961,  0.115,  4.750,
  7057,07/09/18 17:45:06,301,  4.951,  0.130,  5.750,
  7063,07/09/18 17:45:45,301,  4.872,  0.159,  7.000,
  7069,07/09/18 17:48:03,301,  4.984,  0.083,  6.500,
  7075,07/09/18 17:48:43,301,  4.980,  0.160,  1.700,
  7081,07/09/18 17:49:22,301,  4.965,  0.249,  1.600,
  7087,07/09/18 17:50:01,301,  4.919,  0.159,  3.750,
  7093,07/09/18 17:50:42,301,  4.948,  0.113,  7.000,
  7099,07/09/18 17:53:06,301,  4.940,  0.164,  2.000,
  7105,07/09/18 17:53:45,301,  4.978,  0.199,  1.200,
  7111,07/09/18 17:54:24,301,  4.951,  0.104,  6.000,
  7117,07/09/18 17:55:03,301,  4.955,  0.092,  2.750,
  7123,07/09/18 17:55:42,301,  4.917,  0.151,  3.000,
  7129,07/09/18 17:58:00,301,  4.943,  0.139,  2.250,
  7135,07/09/18 17:58:39,301,  4.860,  0.202,  4.000,
  7141,07/09/18 17:59:19,301,  4.940,  0.185,  3.500,
  7147,07/09/18 17:59:59,301,  4.926,  0.201,  4.000,
  7153,07/09/18 18:00:39,301,  4.911,  0.151,  6.500,
  7159,07/09/18 18:03:02,301,  4.940,  0.141,  5.500,
  7165,07/09/18 18:03:41,301,  5.019,  0.057,  6.250,
  7171,07/09/18 18:04:20,301,  4.895,  0.217,  2.250,
  7177,07/09/18 18:05:00,301,  4.904,  0.177,  6.000,
  7183,07/09/18 18:05:39,301,  4.932,  0.175,  2.250,
  7189,07/09/18 18:07:57,301,  4.912,  0.237,  1.400,
  7195,07/09/18 18:08:36,301,  4.948,  0.190,  1.600,
  7201,07/09/18 18:09:16,301,  4.863,  0.133,  5.500,
  7207,07/09/18 18:09:55,301,  4.826,  0.166,  7.000,
  7213,07/09/18 18:10:36,301,  4.902,  0.156,  3.500,
  7219,07/09/18 18:12:54,301,  4.851,  0.160,  2.750,
  7225,07/09/18 18:13:34,301,  4.869,  0.184,  2.500,
  7231,07/09/18 18:14:13,301,  4.885,  0.097,  6.750,
  7237,07/09/18 18:14:52,301,  4.870,  0.133,  4.250,
  7243,07/09/18 18:15:32,301,  4.850,  0.142,  3.500,
  7249,07/09/18 18:17:49,301,  4.794,  0.127,  7.250,
  7255,07/09/18 18:18:28,301,  4.753,  0.172,  7.250,
  7261,07/09/18 18:19:08,301,  4.750,  0.157,  7.250,
  7267,07/09/18 18:19:47,301,  4.740,  0.177,  7.250,
  7273,07/09/18 18:20:35,301,  4.759,  0.136,  7.250,
  7279,07/09/18 18:22:53,301,  4.764,  0.145,  7.000,
  7285,07/09/18 18:23:32,301,  4.772,  0.153,  6.750,
  7291,07/09/18 18:24:11,301,  4.763,  0.117,  7.250,
  7297,07/09/18 18:24:50,301,  4.772,  0.137,  5.750,
  7303,07/09/18 18:25:29,301,  4.758,  0.136,  7.250,
  7309,07/09/18 18:27:47,301,  4.776,  0.126,  7.500,
  7315,07/09/18 18:28:27,301,  4.740,  0.138,  7.250,
  7321,07/09/18 18:29:06,301,  4.695,  0.146,  6.500,
  7327,07/09/18 18:29:45,301,  4.761,  0.150,  2.500,
  7333,07/09/18 18:30:30,301,  4.817,  0.187,  3.250,
  7339,07/09/18 18:32:48,301,  4.729,  0.136,  7.250,
  7345,07/09/18 18:33:27,301,  4.707,  0.129,  7.500,
  7351,07/09/18 18:34:06,301,  4.717,  0.118,  5.500,
  7357,07/09/18 18:34:45,301,  4.717,  0.122,  7.500,
  7363,07/09/18 18:35:25,301,  4.676,  0.144,  7.500,
  7369,07/09/18 18:37:42,301,  4.679,  0.132,  7.250,
  7375,07/09/18 18:38:21,301,  4.711,  0.122,  6.500,
  7381,07/09/18 18:39:00,301,  4.690,  0.136,  7.500,
  7387,07/09/18 18:39:39,301,  4.656,  0.138,  7.250,
  7393,07/09/18 18:40:19,301,  4.689,  0.128,  6.500,
  7399,07/09/18 18:42:41,301,  4.671,  0.167,  3.250,
  7405,07/09/18 18:43:20,301,  4.739,  0.160,  1.600,
  7411,07/09/18 18:43:59,301,  4.802,  0.198,  3.250,
  7417,07/09/18 18:44:39,301,  4.763,  0.144,  3.000,
  7423,07/09/18 18:45:18,301,  4.727,  0.174,  1.700,
  7429,07/09/18 18:47:36,301,  4.800,  0.151,  2.500,
  7435,07/09/18 18:48:15,301,  4.713,  0.252,  1.200,
  7441,07/09/18 18:48:54,301,  4.745,  0.194,  1.700,
  7447,07/09/18 18:49:34,301,  4.781,  0.366,  0.900,
  7453,07/09/18 18:50:14,301,  4.788,  0.156,  2.000,
  7459,07/09/18 18:52:32,301,  4.753,  0.456,  0.800,
  7465,07/09/18 18:53:12,301,  4.858,  0.479,  1.000,
  7471,07/09/18 18:53:52,301,  4.733,  0.159,  3.000,
  7477,07/09/18 18:54:31,301,  4.793,  0.136,  2.000,
  7483,07/09/18 18:55:10,301,  4.806,  0.163,  2.000,
  7489,07/09/18 18:57:27,301,  4.773,  0.153,  1.600,
  7495,07/09/18 18:58:06,301,  4.728,  0.174,  1.900,
  7501,07/09/18 18:58:45,301,  4.747,  0.222,  1.200,
  7507,07/09/18 18:59:25,301,  4.680,  0.259,  0.900,
  7513,07/09/18 19:00:04,301,  4.737,  0.221,  1.200,
  7519,07/09/18 19:02:28,301,  4.708,  0.134,  5.750,
  7525,07/09/18 19:03:07,301,  4.710,  0.146,  3.500,
  7531,07/09/18 19:03:46,301,  4.712,  0.169,  2.250,
  7537,07/09/18 19:04:26,301,  4.728,  0.158,  2.750,
  7543,07/09/18 19:05:05,301,  4.684,  0.175,  2.500,
  7549,07/09/18 19:07:24,301,  4.687,  0.193,  1.700,
  7555,07/09/18 19:08:03,301,  4.671,  0.223,  1.100,
  7561,07/09/18 19:08:42,301,  4.706,  0.175,  1.100,
  7567,07/09/18 19:09:21,301,  4.766,  0.148,  1.900,
  7573,07/09/18 19:10:00,301,  4.703,  0.157,  2.500,
  7579,07/09/18 19:12:20,301,  4.670,  0.152,  2.000,
  7585,07/09/18 19:12:59,301,  4.640,  0.187,  1.500,
  7591,07/09/18 19:13:38,301,  4.659,  0.181,  1.600,
  7597,07/09/18 19:14:17,301,  4.689,  0.151,  2.250,
  7603,07/09/18 19:14:56,301,  4.682,  0.134,  4.000,
  7609,07/09/18 19:17:14,301,  4.647,  0.140,  5.500,
  7615,07/09/18 19:17:53,301,  4.597,  0.143,  5.250,
  7621,07/09/18 19:18:32,301,  4.597,  0.143,  7.250,
  7627,07/09/18 19:19:14,301,  4.599,  0.135,  7.500,
  7633,07/09/18 19:19:53,301,  4.614,  0.141,  6.750,
  7639,07/09/18 19:22:11,301,  4.616,  0.130,  7.500,
  7645,07/09/18 19:22:50,301,  4.641,  0.133,  6.750,
  7651,07/09/18 19:23:30,301,  4.692,  0.078,  6.250,
  7657,07/09/18 19:24:09,301,  4.621,  0.138,  7.250,
  7663,07/09/18 19:24:49,301,  4.644,  0.141,  6.750,
  7669,07/09/18 19:27:07,301,  4.650,  0.150,  2.750,
  7675,07/09/18 19:27:46,301,  4.636,  0.154,  5.250,
  7681,07/09/18 19:28:25,301,  4.681,  0.128,  4.000,
  7687,07/09/18 19:29:05,301,  4.622,  0.143,  5.750,
  7693,07/09/18 19:29:44,301,  4.662,  0.114,  6.500,
  7699,07/09/18 19:32:03,301,  4.653,  0.138,  3.750,
  7705,07/09/18 19:32:42,301,  4.687,  0.146,  3.500,
  7711,07/09/18 19:33:21,301,  4.663,  0.138,  5.250,
  7717,07/09/18 19:34:00,301,  4.687,  0.181,  1.100,
  7723,07/09/18 19:34:39,301,  4.730,  0.135,  4.500,
  7729,07/09/18 19:36:57,301,  4.769,  0.129,  2.000,
  7735,07/09/18 19:37:36,301,  4.734,  0.149,  3.250,
  7741,07/09/18 19:38:15,301,  4.760,  0.119,  2.500,
  7747,07/09/18 19:38:54,301,  4.756,  0.148,  1.900,
  7753,07/09/18 19:39:33,301,  4.770,  0.113,  2.500,
  7759,07/09/18 19:41:51,301,  4.708,  0.153,  1.700,
  7765,07/09/18 19:42:30,301,  4.724,  0.111,  4.500,
  7771,07/09/18 19:43:09,301,  4.748,  0.133,  2.500,
  7777,07/09/18 19:43:48,301,  4.763,  0.153,  3.750,
  7783,07/09/18 19:44:28,301,  4.635,  0.223,  2.500,
  7789,07/09/18 19:46:46,301,  4.706,  0.134,  3.250,
  7795,07/09/18 19:47:25,301,  4.702,  0.123,  3.000,
  7801,07/09/18 19:48:05,301,  4.726,  0.138,  3.000,
  7807,07/09/18 19:48:44,301,  4.669,  0.166,  4.250,
  7813,07/09/18 19:49:23,301,  4.630,  0.142,  6.750,
  7819,07/09/18 19:51:41,301,  4.695,  0.146,  1.900,
  7825,07/09/18 19:52:20,301,  4.671,  0.142,  3.000,
  7831,07/09/18 19:52:59,301,  4.696,  0.129,  2.000,
  7837,07/09/18 19:53:38,301,  4.571,  0.205,  3.750,
  7843,07/09/18 19:54:18,301,  4.643,  0.172,  4.500,
  7849,07/09/18 19:56:36,301,  4.692,  0.158,  6.250,
  7855,07/09/18 19:57:15,301,  4.622,  0.185,  5.750,
  7861,07/09/18 19:57:54,301,  4.639,  0.140,  3.250,
  7867,07/09/18 19:58:32,301,  4.669,  0.135,  6.000,
  7873,07/09/18 19:59:11,301,  4.723,  0.082,  4.000,
  7879,07/09/18 20:01:30,301,  4.606,  0.154,  5.500,
  7885,07/09/18 20:02:09,301,  4.552,  0.174,  5.000,
  7891,07/09/18 20:02:49,301,  4.535,  0.221,  5.000,
  7897,07/09/18 20:03:28,301,  4.570,  0.131,  5.500,
  7903,07/09/18 20:04:07,301,  4.567,  0.131,  6.000,
  7909,07/09/18 20:06:25,301,  4.689,  0.061,  7.250,
  7915,07/09/18 20:07:04,301,  4.578,  0.134,  7.000,
  7921,07/09/18 20:07:44,301,  4.632,  0.122,  7.000,
  7927,07/09/18 20:08:23,301,  4.600,  0.156,  3.500,
  7933,07/09/18 20:09:02,301,  4.623,  0.161,  5.750,
  7939,07/09/18 20:11:21,301,  4.626,  0.173,  1.200,
  7945,07/09/18 20:12:00,301,  4.576,  0.200,  1.600,
  7951,07/09/18 20:12:39,301,  4.621,  0.212,  1.400,
  7957,07/09/18 20:13:18,301,  4.620,  0.297,  1.000,
  7963,07/09/18 20:13:57,301,  4.652,  0.171,  2.000,
  7969,07/09/18 20:16:14,301,  4.594,  0.124,  7.000,
  7975,07/09/18 20:16:54,301,  4.557,  0.146,  5.750,
  7981,07/09/18 20:17:32,301,  4.579,  0.164,  3.500,
  7987,07/09/18 20:18:11,301,  4.624,  0.141,  2.750,
  7993,07/09/18 20:18:51,301,  4.562,  0.150,  6.250,
  7999,07/09/18 20:21:09,301,  4.580,  0.135,  3.500,
  8005,07/09/18 20:21:49,301,  4.588,  0.140,  2.500,
  8011,07/09/18 20:22:28,301,  4.559,  0.165,  5.750,
  8017,07/09/18 20:23:07,301,  4.501,  0.201,  5.000,
  8023,07/09/18 20:23:46,301,  4.570,  0.146,  5.000,
  8029,07/09/18 20:26:03,301,  4.588,  0.136,  4.250,
  8035,07/09/18 20:26:43,301,  4.621,  0.117,  5.000,
  8041,07/09/18 20:27:22,301,  4.578,  0.152,  3.000,
  8047,07/09/18 20:28:01,301,  4.517,  0.221,  3.000,
  8053,07/09/18 20:28:41,301,  4.569,  0.160,  5.250,
  8059,07/09/18 20:30:59,301,  4.611,  0.148,  2.500,
  8065,07/09/18 20:31:38,301,  4.608,  0.129,  1.400,
  8071,07/09/18 20:32:17,301,  4.520,  0.189,  2.750,
  8077,07/09/18 20:32:56,301,  4.601,  0.151,  2.000,
  8083,07/09/18 20:33:35,301,  4.565,  0.148,  1.500,
  8089,07/09/18 20:35:53,301,  4.556,  0.179,  1.600,
  8095,07/09/18 20:36:32,301,  4.602,  0.152,  1.300,
  8101,07/09/18 20:37:11,301,  4.559,  0.193,  0.500,
  8107,07/09/18 20:37:50,301,  4.607,  0.155,  1.500,
  8113,07/09/18 20:38:29,301,  4.599,  0.167,  0.400,
  8119,07/09/18 20:40:47,301,  4.593,  0.165,  0.800,
  8125,07/09/18 20:41:27,301,  4.514,  0.245,  0.500,
  8131,07/09/18 20:42:06,301,  4.515,  0.168,  1.600,
  8137,07/09/18 20:42:45,301,  4.545,  0.140,  1.300,
  8143,07/09/18 20:43:24,301,  4.558,  0.181,  1.000,
  8149,07/09/18 20:45:42,301,  4.538,  0.190,  0.800,
  8155,07/09/18 20:46:21,301,  4.516,  0.198,  0.450,
  8161,07/09/18 20:47:00,301,  4.559,  0.171,  0.800,
  8167,07/09/18 20:47:39,301,  4.490,  0.193,  0.800,
  8173,07/09/18 20:48:18,301,  4.565,  0.180,  0.800,
  8179,07/09/18 20:50:39,301,  4.536,  0.189,  0.800,
  8185,07/09/18 20:51:19,301,  4.516,  0.194,  0.500,
  8191,07/09/18 20:51:58,301,  4.553,  0.149,  1.100,
  8197,07/09/18 20:52:37,301,  4.546,  0.156,  1.300,
  8203,07/09/18 20:53:17,301,  4.549,  0.188,  0.300,
  8209,07/09/18 20:55:34,301,  4.573,  0.178,  0.900,
  8215,07/09/18 20:56:13,301,  4.532,  0.231,  0.800,
  8221,07/09/18 20:56:52,301,  4.536,  0.197,  0.450,
  8227,07/09/18 20:57:31,301,  4.491,  0.216,  0.800,
  8233,07/09/18 20:58:10,301,  4.549,  0.149,  0.500,
  8239,07/09/18 21:00:40,301,  4.533,  0.181,  1.100,
  8245,07/09/18 21:01:19,301,  4.508,  0.274,  0.300,
  8251,07/09/18 21:01:59,301,  4.553,  0.208,  0.450,
  8257,07/09/18 21:02:38,301,  4.564,  0.207,  0.300,
  8263,07/09/18 21:03:17,301,  4.498,  0.209,  1.100,
  8269,07/09/18 21:05:35,301,  4.532,  0.137,  1.000,
  8275,07/09/18 21:06:13,301,  4.474,  0.176,  0.400,
  8281,07/09/18 21:06:53,301,  4.493,  0.144,  0.250,
  8287,07/09/18 21:07:33,301,  4.495,  0.155,  0.300,
  8293,07/09/18 21:08:12,301,  4.508,  0.149,  0.800,
  8299,07/09/18 21:10:29,301,  4.442,  0.295,  0.250,
  8305,07/09/18 21:11:08,301,  4.486,  0.227,  0.500,
  8311,07/09/18 21:11:47,301,  4.517,  0.157,  0.450,
  8317,07/09/18 21:12:27,301,  4.482,  0.179,  0.400,
  8323,07/09/18 21:13:06,301,  4.494,  0.178,  0.500,
  8329,07/09/18 21:15:24,301,  4.474,  0.205,  0.400,
  8335,07/09/18 21:16:03,301,  4.495,  0.174,  0.450,
  8341,07/09/18 21:16:43,301,  4.531,  0.207,  0.350,
  8347,07/09/18 21:17:22,301,  4.498,  0.219,  0.450,
  8353,07/09/18 21:18:01,301,  4.392,  0.240,  0.400,
  8359,07/09/18 21:20:19,301,  4.472,  0.208,  0.300,
  8365,07/09/18 21:20:58,301,  4.412,  0.202,  0.800,
  8371,07/09/18 21:21:38,301,  4.462,  0.152,  0.800,
  8377,07/09/18 21:22:17,301,  4.406,  0.214,  0.150,
  8383,07/09/18 21:22:56,301,  4.405,  0.194,  0.800,
  8389,07/09/18 21:25:14,301,  4.547,  0.103,  0.400,
  8395,07/09/18 21:25:52,301,  4.471,  0.112,  1.100,
  8401,07/09/18 21:26:31,301,  4.331,  0.239,  1.000,
  8407,07/09/18 21:27:11,301,  4.414,  0.152,  0.800,
  8413,07/09/18 21:27:50,301,  4.385,  0.201,  0.300,
  8419,07/09/18 21:30:09,301,  4.428,  0.189,  0.300,
  8425,07/09/18 21:30:49,301,  4.367,  0.190,  0.450,
  8431,07/09/18 21:31:28,301,  4.400,  0.174,  0.500,
  8437,07/09/18 21:32:07,301,  4.333,  0.256,  0.900,
  8443,07/09/18 21:32:45,301,  4.415,  0.178,  0.350,
  8449,07/09/18 21:35:03,301,  4.418,  0.202,  0.500,
  8455,07/09/18 21:35:43,301,  4.443,  0.160,  1.100,
  8461,07/09/18 21:36:23,301,  4.417,  0.180,  0.500,
  8467,07/09/18 21:37:01,301,  4.435,  0.170,  0.500,
  8473,07/09/18 21:37:41,301,  4.421,  0.204,  0.450,
  8479,07/09/18 21:39:58,301,  4.470,  0.182,  0.350,
  8485,07/09/18 21:40:39,301,  4.472,  0.227,  0.900,
  8491,07/09/18 21:41:19,301,  4.500,  0.173,  0.800,
  8497,07/09/18 21:41:57,301,  4.481,  0.210,  0.300,
  8503,07/09/18 21:42:37,301,  4.459,  0.289,  0.200,
  8509,07/09/18 21:44:54,301,  4.477,  0.287,  0.350,
  8515,07/09/18 21:45:34,301,  4.481,  0.312,  0.400,
  8521,07/09/18 21:46:13,301,  4.517,  0.204,  0.900,
  8527,07/09/18 21:46:52,301,  4.536,  0.215,  0.500,
  8533,07/09/18 21:47:31,301,  4.506,  0.262,  0.800,
  8539,07/09/18 21:49:49,301,  4.466,  0.339,  0.500,
  8545,07/09/18 21:50:31,301,  4.534,  0.279,  0.250,
  8551,07/09/18 21:51:10,301,  4.573,  0.183,  0.400,
  8557,07/09/18 21:51:49,301,  4.525,  0.252,  0.500,
  8563,07/09/18 21:52:29,301,  4.585,  0.165,  0.300,
  8569,07/09/18 21:54:46,301,  4.504,  0.225,  0.350,
  8575,07/09/18 21:55:25,301,  4.502,  0.276,  0.350,
  8581,07/09/18 21:56:04,301,  4.526,  0.197,  0.500,
  8587,07/09/18 21:56:44,301,  4.460,  0.271,  0.450,
  8593,07/09/18 21:57:23,301,  4.425,  0.309,  0.350,
  8599,07/09/18 21:59:41,301,  4.471,  0.215,  0.700,
  8605,07/09/18 22:00:20,301,  4.483,  0.208,  1.000,
  8611,07/09/18 22:01:00,301,  4.496,  0.217,  0.300,
  8617,07/09/18 22:01:39,301,  4.477,  0.224,  0.400,
  8623,07/09/18 22:02:19,301,  4.457,  0.226,  0.400,
  8629,07/09/18 22:04:37,301,  4.448,  0.250,  0.400,
  8635,07/09/18 22:05:16,301,  4.411,  0.235,  0.700,
  8641,07/09/18 22:05:56,301,  4.352,  0.278,  1.000,
  8647,07/09/18 22:06:35,301,  4.389,  0.276,  0.350,
  8653,07/09/18 22:07:14,301,  4.378,  0.241,  0.500,
  8659,07/09/18 22:09:31,301,  4.456,  0.225,  0.900,
  8665,07/09/18 22:10:11,301,  4.400,  0.179,  1.100,
  8671,07/09/18 22:10:51,301,  4.368,  0.190,  1.000,
  8677,07/09/18 22:11:30,301,  4.327,  0.234,  1.000,
  8683,07/09/18 22:12:09,301,  4.382,  0.167,  1.000,
  8689,07/09/18 22:14:27,301,  4.406,  0.164,  2.000,
  8695,07/09/18 22:15:06,301,  4.303,  0.203,  2.000,
  8701,07/09/18 22:15:46,301,  4.330,  0.182,  1.900,
  8707,07/09/18 22:16:25,301,  4.368,  0.162,  1.900,
  8713,07/09/18 22:17:05,301,  4.368,  0.173,  2.750,
  8719,07/09/18 22:19:23,301,  4.453,  0.111,  1.900,
  8725,07/09/18 22:20:03,301,  4.376,  0.185,  1.500,
  8731,07/09/18 22:20:43,301,  4.399,  0.127,  2.250,
  8737,07/09/18 22:21:21,301,  4.370,  0.139,  2.250,
  8743,07/09/18 22:22:00,301,  4.285,  0.210,  2.500,
  8749,07/09/18 22:24:18,301,  4.324,  0.218,  2.000,
  8755,07/09/18 22:24:57,301,  4.376,  0.185,  1.300,
  8761,07/09/18 22:25:37,301,  4.382,  0.136,  1.200,
  8767,07/09/18 22:26:16,301,  4.395,  0.155,  1.100,
  8773,07/09/18 22:26:55,301,  4.401,  0.158,  0.800,
  8779,07/09/18 22:29:12,301,  4.420,  0.152,  0.400,
  8785,07/09/18 22:29:51,301,  4.400,  0.163,  0.500,
  8791,07/09/18 22:30:34,301,  4.419,  0.151,  1.300,
  8797,07/09/18 22:31:14,301,  4.435,  0.132,  2.000,
  8803,07/09/18 22:31:53,301,  4.458,  0.131,  1.000,
  8809,07/09/18 22:34:10,301,  4.420,  0.173,  0.900,
  8815,07/09/18 22:34:49,301,  4.419,  0.170,  0.900,
  8821,07/09/18 22:35:29,301,  4.459,  0.138,  1.200,
  8827,07/09/18 22:36:09,301,  4.439,  0.139,  1.100,
  8833,07/09/18 22:36:48,301,  4.430,  0.240,  0.350,
  8839,07/09/18 22:39:06,301,  4.493,  0.179,  0.500,
  8845,07/09/18 22:39:46,301,  4.472,  0.181,  0.250,
  8851,07/09/18 22:40:30,301,  4.500,  0.164,  1.000,
  8857,07/09/18 22:41:09,301,  4.458,  0.228,  0.500,
  8863,07/09/18 22:41:48,301,  4.508,  0.180,  0.150,
  8869,07/09/18 22:44:06,301,  4.522,  0.194,  0.450,
  8875,07/09/18 22:44:45,301,  4.441,  0.266,  0.500,
  8881,07/09/18 22:45:24,301,  4.455,  0.215,  0.300,
  8887,07/09/18 22:46:03,301,  4.484,  0.218,  0.500,
  8893,07/09/18 22:46:43,301,  4.456,  0.254,  0.450,
  8899,07/09/18 22:49:00,301,  4.520,  0.206,  0.500,
  8905,07/09/18 22:49:41,301,  4.563,  0.217,  0.350,
  8911,07/09/18 22:50:26,301,  4.514,  0.285,  0.400,
  8917,07/09/18 22:51:05,301,  4.496,  0.276,  0.400,
  8923,07/09/18 22:51:44,301,  4.554,  0.196,  0.350,
  8929,07/09/18 22:54:02,301,  4.549,  0.290,  0.450,
  8935,07/09/18 22:54:41,301,  4.534,  0.236,  0.350,
  8941,07/09/18 22:55:20,301,  4.478,  0.343,  0.400,
  8947,07/09/18 22:55:59,301,  4.560,  0.206,  0.300,
  8953,07/09/18 22:56:38,301,  4.520,  0.294,  0.200,
  8959,07/09/18 22:58:55,301,  4.482,  0.285,  0.350,
  8965,07/09/18 22:59:34,301,  4.591,  0.219,  0.500,
  8971,07/09/18 23:00:14,301,  4.470,  0.291,  0.350,
  8977,07/09/18 23:00:54,301,  4.547,  0.289,  0.300,
  8983,07/09/18 23:01:33,301,  4.627,  0.192,  0.250,
  8989,07/09/18 23:03:51,301,  4.641,  0.159,  0.400,
  8995,07/09/18 23:04:30,301,  4.542,  0.210,  0.400,
  9001,07/09/18 23:05:09,301,  4.578,  0.175,  0.500,
  9007,07/09/18 23:05:48,301,  4.555,  0.202,  0.400,
  9013,07/09/18 23:06:27,301,  4.543,  0.206,  0.500,
  9019,07/09/18 23:08:44,301,  4.546,  0.188,  0.450,
  9025,07/09/18 23:09:24,301,  4.547,  0.216,  0.450,
  9031,07/09/18 23:10:03,301,  4.541,  0.188,  0.900,
  9037,07/09/18 23:10:43,301,  4.510,  0.185,  0.800,
  9043,07/09/18 23:11:22,301,  4.559,  0.236,  0.450,
  9049,07/09/18 23:13:39,301,  4.667,  0.109,  0.450,
  9055,07/09/18 23:14:19,301,  4.581,  0.196,  0.350,
  9061,07/09/18 23:14:58,301,  4.519,  0.254,  0.400,
  9067,07/09/18 23:15:37,301,  4.711,  0.099,  0.450,
  9073,07/09/18 23:16:17,301,  4.602,  0.165,  0.500,
  9079,07/09/18 23:18:34,301,  4.572,  0.194,  1.000,
  9085,07/09/18 23:19:13,301,  4.562,  0.165,  1.100,
  9091,07/09/18 23:19:53,301,  4.585,  0.224,  0.450,
  9097,07/09/18 23:20:34,301,  4.586,  0.243,  0.500,
  9103,07/09/18 23:21:14,301,  4.620,  0.143,  0.500,
  9109,07/09/18 23:23:32,301,  4.611,  0.240,  0.800,
  9115,07/09/18 23:24:11,301,  4.543,  0.245,  0.300,
  9121,07/09/18 23:24:50,301,  4.604,  0.191,  0.500,
  9127,07/09/18 23:25:30,301,  4.560,  0.213,  0.350,
  9133,07/09/18 23:26:09,301,  4.593,  0.160,  0.500,
  9139,07/09/18 23:28:28,301,  4.507,  0.258,  0.600,
  9145,07/09/18 23:29:07,301,  4.577,  0.163,  0.450,
  9151,07/09/18 23:29:46,301,  4.596,  0.157,  0.250,
  9157,07/09/18 23:30:30,301,  4.572,  0.178,  0.800,
  9163,07/09/18 23:31:09,301,  4.565,  0.208,  0.500,
  9169,07/09/18 23:33:27,301,  4.586,  0.193,  0.350,
  9175,07/09/18 23:34:07,301,  4.544,  0.228,  0.500,
  9181,07/09/18 23:34:46,301,  4.564,  0.225,  0.300,
  9187,07/09/18 23:35:25,301,  4.577,  0.228,  0.400,
  9193,07/09/18 23:36:05,301,  4.617,  0.214,  0.600,
  9199,07/09/18 23:38:23,301,  4.514,  0.252,  0.400,
  9205,07/09/18 23:39:02,301,  4.580,  0.186,  0.250,
  9211,07/09/18 23:39:41,301,  4.549,  0.237,  0.600,
  9217,07/09/18 23:40:21,301,  4.593,  0.212,  0.250,
  9223,07/09/18 23:41:00,301,  4.531,  0.213,  0.500,
  9229,07/09/18 23:43:19,301,  4.624,  0.141,  0.450,
  9235,07/09/18 23:43:58,301,  4.556,  0.177,  0.350,
  9241,07/09/18 23:44:37,301,  4.532,  0.178,  0.500,
  9247,07/09/18 23:45:16,301,  4.564,  0.198,  0.350,
  9253,07/09/18 23:45:55,301,  4.568,  0.183,  1.000,
  9259,07/09/18 23:48:12,301,  4.524,  0.221,  0.400,
  9265,07/09/18 23:48:52,301,  4.567,  0.206,  0.300,
  9271,07/09/18 23:49:31,301,  4.484,  0.302,  0.350,
  9277,07/09/18 23:50:10,301,  4.569,  0.220,  0.450,
  9283,07/09/18 23:50:50,301,  4.564,  0.159,  0.400,
  9289,07/09/18 23:53:09,301,  4.583,  0.153,  0.500,
  9295,07/09/18 23:53:48,301,  4.567,  0.142,  0.300,
  9301,07/09/18 23:54:28,301,  4.551,  0.161,  1.600,
  9307,07/09/18 23:55:06,301,  4.520,  0.178,  1.300,
  9313,07/09/18 23:55:45,301,  4.601,  0.131,  1.200,
